ticker,min_price,cross_time,total_volume
KXNBA2D-26FEB22NYKCHI-NYKOANUNOBY8,0.0,0.0,1825.0
KXNBAPTS-26FEB22ORLLAC-ORLDBANE3-20,0.0,0.0,8622.0
KXNBA2D-26FEB21ORLPHX-ORLPBANCHERO5,0.02,0.0,993.0
KXWOMHOCKEYTOTAL-26FEB20CANFIN-7,0.0,0.0,18171.0
KXWTACHALLENGERMATCH-26FEB17HOSLIU-LIU,0.42,,66857.0
KXNBA2D-26FEB19DENLAC-LACBLOPEZ11,0.0,0.0,52.0
KXPGATOP20-THGI26-BHAR,0.0,0.0,6374.0
KXNBAPTS-26FEB22ORLLAC-LACBMATHURIN9-25,0.0,0.0,10451.0
KXNBABLK-26FEB19BKNCLE-CLEJALLEN31-3,0.0,0.0,0.0
KXWOMHOCKEYTOTAL-26FEB17DEUFRA-5,0.0,0.0,4357.0
KXDENSUPERLIGAGAME-26FEB22SILFCM-TIE,0.0,0.0,7854.0
KXNBA2D-26FEB22PHIMIN-MINAEDWARDS5,0.04,10.0,2347.0
KXNBA2D-26FEB19DETNYK-DETTHARRIS12,0.0,0.0,346.0
KXNBABLK-26FEB20CLECHA-CLEJALLEN31-1,0.0,0.0,3.0
KXNBA1HTOTAL-26FEB19DETNYK-115,0.0,0.0,31.0
KXPGATOP20-THGI26-PCAN,0.0,0.0,64124.0
KXNBABLK-26FEB22BKNATL-ATLOOKONGWU17-2,0.0,0.0,621.0
KXKBLGAME-26FEB180000WONANY-WON,0.09,,37785.0
KXNBA1HTOTAL-26FEB20DENPOR-122,0.0,0.0,101.0
KXWOMHOCKEYTOTAL-26FEB21SVKFIN-5,0.01,0.0,8587.0
KXWTACHALLENGERMATCH-26FEB18BRESTO-STO,0.55,,187057.0
KXNBAPTS-26FEB19DENLAC-DENNJOKIC15-20,0.0,0.0,17977.0
KXNBAPTS-26FEB20DENPOR-DENCJOHNSON23-20,0.0,0.0,7439.0
KXNBABLK-26FEB21SACSAS-SASVWEMBANYAMA1-4,0.0,0.0,425.0
KXNBA3D-26FEB19BOSGSW-GSWDGREEN23,0.0,0.0,7980.0
KXNBA1HTOTAL-26FEB22ORLLAC-114,0.0,0.0,32.0
KXBBLGAME-26FEB181230OLDULM-ULM,0.01,0.0,150533.0
KXNBA2D-26FEB20CLECHA-CHALBALL1,0.0,0.0,515.0
KXNBA2D-26FEB22BKNATL-ATLDDANIELS5,0.0,16.0,96.0
KXNBABLK-26FEB22CLEOKC-OKCCHOLMGREN7-1,0.01,0.0,300.0
KXNBABLK-26FEB19HOUCHA-HOUASENGUN28-1,0.0,25.0,0.0
KXNBABLK-26FEB19DETNYK-NYKKTOWNS32-2,0.0,0.0,0.0
KXWOMHOCKEY-26FEB18USASWE-USA,0.68,,1811548.0
KXWTACHALLENGERMATCH-26FEB23SHYZAV-ZAV,0.33,,118752.0
KXWTACHALLENGERMATCH-26FEB18FERSTE-FER,0.58,,182821.0
KXALEAGUETOTAL-26FEB17SYDAUC-1,0.01,0.0,9505.0
KXUFCFIGHT-26FEB21LEADEL-DEL,0.0,218.0,240851.0
KXNBA3D-26FEB19BKNCLE-CLEJHARDEN1,0.0,0.0,14280.0
KXNBA2D-26FEB19BKNCLE-CLEDMITCHELL45,0.0,0.0,1958.0
KXEPLBTTS-26FEB21MCINEW,0.0,0.0,14623.0
KXNBA2D-26FEB20MILNOP-NOPHJONES2,0.0,0.0,0.0
KXNBABLK-26FEB19TORCHI-TORSBARNES4-1,0.21,,0.0
KXNBAPTS-26FEB22BOSLAL-LALLJAMES23-20,0.23,,18117.0
KXSCOTTISHPREMGAME-26FEB21ABEDUN-TIE,0.0,21.0,9887.0
KXPGATOP20-THGI26-HENG,0.0,0.0,19530.0
KXUELSPREAD-26FEB19LUDFTC-LUD2,0.0,0.0,0.0
KXNBA2D-26FEB20BKNOKC-OKCCHOLMGREN7,0.0,3.0,1822.0
KXNBAPTS-26FEB22NYKCHI-NYKJHART3-10,0.0,0.0,7443.0
KXNBA1HTOTAL-26FEB22DALIND-120,0.0,0.0,631.0
KXPGATOP20-THGI26-XSCH,0.01,0.0,15159.0
KXNBABLK-26FEB22BKNATL-BKNNCLAXTON33-1,0.0,0.0,0.0
KXWTACHALLENGERMATCH-26FEB20FREVID-VID,0.8,,169277.0
KXNBABLK-26FEB22DENGSW-GSWAHORFORD20-1,0.0,0.0,300.0
KXPGATOP20-THGI26-ARAI,0.0,0.0,12898.0
KXNBA1HTOTAL-26FEB22DALIND-108,0.01,0.0,0.0
KXNBA1HTOTAL-26FEB19HOUCHA-111,0.0,0.0,1126.0
KXNBA3D-26FEB22ORLLAC-ORLPBANCHERO5,0.0,0.0,6564.0
KXNBA1HTOTAL-26FEB19HOUCHA-105,0.0,0.0,1738.0
KXPGATOP20-THGI26-JSPI,0.0,0.0,34927.0
KXNBA3D-26FEB20CLECHA-CLEJHARDEN1,0.0,0.0,10369.0
KXNBA1HTOTAL-26FEB20CLECHA-126,0.0,0.0,0.0
KXNBABLK-26FEB19DETNYK-NYKKTOWNS32-3,0.0,0.0,0.0
KXNBA2D-26FEB21MEMMIA-MIABADEBAYO13,0.0,18.0,122.0
KXWOMHOCKEYTOTAL-26FEB17CZEDNK-3,0.01,0.0,2058.0
KXWOMHOCKEYTOTAL-26FEB18USASWE-3,0.01,0.0,35888.0
KXNBA3D-26FEB21PHINOP-NOPDQUEEN22,0.0,0.0,2322.0
KXNBABLK-26FEB20BKNOKC-OKCCHOLMGREN7-1,0.0,0.0,318.0
KXUELSPREAD-26FEB19SKBBFC-SKB1,0.0,0.0,578.0
KXNBA1HTOTAL-26FEB22BKNATL-125,0.0,0.0,1017.0
KXNBA2D-26FEB22TORMIL-MILMTURNER3,0.0,0.0,1231.0
KXWOMHOCKEY-26FEB20CANFIN-FIN,0.01,0.0,1264703.0
KXNBA1HTOTAL-26FEB22BKNATL-131,0.0,0.0,0.0
KXNBA1HTOTAL-26FEB22BKNATL-119,0.0,0.0,1629.0
KXPGATOP20-THGI26-WCLA,0.0,0.0,15769.0
KXNBAPTS-26FEB20LACLAL-LACKLEONARD2-30,0.0,0.0,5296.0
KXNBA3D-26FEB22CLEOKC-OKCIHARTENSTEIN55,0.0,0.0,7780.0
KXNBA1HTOTAL-26FEB22DENGSW-118,0.0,0.0,1135.0
KXWOMHOCKEYTOTAL-26FEB21SVKFIN-4,0.01,0.0,1953.0
KXNBA1HTOTAL-26FEB22DENGSW-124,0.0,0.0,0.0
KXNBABLK-26FEB22BKNATL-ATLOOKONGWU17-3,0.0,0.0,0.0
KXDENSUPERLIGAGAME-26FEB23BROSON-TIE,0.2,,83180.0
KXWTACHALLENGERMATCH-26FEB18AKLQUE-AKL,0.05,,5288.0
KXPGATOP20-THGI26-MLEE,0.01,0.0,32866.0
KXUFCVICROUND-26FEB21STRHER-STR1,0.0,0.0,43948.0
KXWOMHOCKEYTOTAL-26FEB17DEUFRA-4,0.01,0.0,2500.0
KXNBABLK-26FEB19BKNCLE-CLEJALLEN31-2,0.0,0.0,300.0
KXNBAPTS-26FEB22ORLLAC-LACBMATHURIN9-30,0.0,0.0,5929.0
KXWTACHALLENGERMATCH-26FEB19TANKOR-TAN,0.0,7.0,113466.0
KXWOMHOCKEYTOTAL-26FEB20CANFIN-6,0.0,0.0,17246.0
KXNBABLK-26FEB20LACLAL-LALDAYTON5-1,0.0,0.0,338.0
KXWTACHALLENGERMATCH-26FEB21GOLKOS-KOS,0.25,,431896.0
KXNBABLK-26FEB20LACLAL-LALDAYTON5-3,0.0,0.0,91.0
KXNBAPTS-26FEB22BOSLAL-LALLDONCIC77-40,0.0,0.0,6332.0
KXWTACHALLENGERMATCH-26FEB22GOLSNI-SNI,0.65,,18474.0
KXWOMHOCKEYTOTAL-26FEB20CANFIN-4,0.01,0.0,31525.0
KXNBA2D-26FEB21HOUNYK-NYKKTOWNS32,0.0,22.0,5277.0
KXNBA2D-26FEB20DALMIN-DALMCHRISTIE00,0.0,0.0,0.0
KXPGATOP20-THGI26-HMAT,0.0,0.0,59846.0
KXWOMHOCKEYTOTAL-26FEB17DEUFRA-6,0.0,0.0,40608.0
KXUFCVICROUND-26FEB21STRHER-STR3,0.01,0.0,28914.0
KXDENSUPERLIGAGAME-26FEB22RANFRE-TIE,0.0,0.0,14811.0
KXNBABLK-26FEB22BKNATL-ATLOOKONGWU17-1,0.0,0.0,309.0
KXSCOTTISHPREMGAME-26FEB21HOMFAL-FAL,0.0,49.0,6410.0
KXNBABLK-26FEB20CLECHA-CLEJALLEN31-2,0.0,0.0,5.0
KXWOMHOCKEYTOTAL-26FEB21SVKFIN-6,0.01,0.0,3799.0
KXPGATOP20-COCITPB26-JBRI,0.0,0.0,0.0
KXWTACHALLENGERMATCH-26FEB17SHYPAR-PAR,0.0,17.0,180456.0
KXNBA1HTOTAL-26FEB19BKNCLE-119,0.0,0.0,1219.0
KXNBA3D-26FEB19DENLAC-LACBMATHURIN9,0.0,0.0,1487.0
KXNBA1HTOTAL-26FEB19BKNCLE-125,0.0,0.0,0.0
KXNBA1HTOTAL-26FEB19BKNCLE-131,0.0,0.0,0.0
KXNBA1HTOTAL-26FEB21HOUNYK-96,0.0,0.0,0.0
KXNBA1HTOTAL-26FEB19PHXSAS-115,0.0,0.0,0.0
KXNBABLK-26FEB22CLEOKC-OKCCHOLMGREN7-2,0.01,0.0,509.0
KXNBABLK-26FEB20BKNOKC-OKCCHOLMGREN7-3,0.0,0.0,58.0
KXPGATOP20-COCITPB26-BGRI,0.0,0.0,0.0
KXPGATOP20-THGI26-KKIT,0.0,0.0,3932.0
KXWOMHOCKEY-26FEB18SVKDEU-SVK,0.45,,73266.0
KXNBAPTS-26FEB22NYKCHI-CHIJGIDDEY3-15,0.0,19.0,5801.0
KXNBA1HTOTAL-26FEB22ORLLAC-117,0.0,0.0,0.0
KXNBA1HTOTAL-26FEB22PHIMIN-111,0.01,0.0,0.0
KXNBABLK-26FEB19DETNYK-NYKKTOWNS32-1,0.0,18.0,32.0
KXNBABLK-26FEB19HOUCHA-HOUASENGUN28-2,0.0,0.0,0.0
KXNBA1HTOTAL-26FEB22NYKCHI-132,0.0,0.0,0.0
KXWOMHOCKEYTOTAL-26FEB20USASVK-3,0.01,0.0,5563.0
KXNBA1HTOTAL-26FEB22NYKCHI-126,0.0,0.0,0.0
KXWTACHALLENGERMATCH-26FEB17MINROS-MIN,0.54,,147334.0
KXPGATOP20-THGI26-SBUR,0.0,0.0,12665.0
KXNBA2D-26FEB19INDWAS-INDPSIAKAM43,0.01,1.0,1750.0
KXNBAPTS-26FEB20LACLAL-LALLJAMES23-15,0.0,0.0,5052.0
KXNBA2D-26FEB19TORCHI-TORJPOELTL19,0.0,3.0,683.0
KXNBABLK-26FEB22DENGSW-GSWAHORFORD20-3,0.0,0.0,0.0
KXNBA2D-26FEB19BOSGSW-BOSNVUCEVIC4,0.0,46.0,6388.0
KXALEAGUETOTAL-26FEB17SYDAUC-2,0.0,0.0,17882.0
KXNBABLK-26FEB22BKNATL-BKNNCLAXTON33-3,0.0,0.0,0.0
KXPGATOP20-THGI26-CCON,0.0,0.0,11675.0
KXWTACHALLENGERMATCH-26FEB22CIRZAV-ZAV,0.04,0.0,16762.0
KXWTACHALLENGERMATCH-26FEB17SISPON-PON,0.09,,29004.0
KXNBAPTS-26FEB19DENLAC-LACKLEONARD2-30,0.0,0.0,7203.0
KXPGATOP20-THGI26-MMCG,0.0,0.0,6531.0
KXNBA2D-26FEB22CLEOKC-OKCCHOLMGREN7,0.32,,1926.0
KXNBABLK-26FEB19TORCHI-TORSBARNES4-2,0.0,20.0,81.0
KXNBA2D-26FEB20LACLAL-LACJCOLLINS20,0.0,0.0,1522.0
KXNBA1HTOTAL-26FEB20MIAATL-138,0.0,0.0,0.0
KXNBA2D-26FEB21PHINOP-PHIKOUBRE9,0.0,0.0,1156.0
KXWTACHALLENGERMATCH-26FEB18COSLEW-COS,0.73,,11879.0
KXNBA1HTOTAL-26FEB21SACSAS-115,0.0,0.0,821.0
KXWTACHALLENGERMATCH-26FEB18VOLLAM-LAM,0.73,,6159.0
KXNBABLK-26FEB19TORCHI-TORSBARNES4-3,0.0,0.0,52.0
KXNBAPTS-26FEB19DENLAC-LACKLEONARD2-25,0.0,0.0,11694.0
KXUELSPREAD-26FEB19LUDFTC-LUD1,0.0,3.0,141.0
KXNBABLK-26FEB22BKNATL-BKNNCLAXTON33-2,0.0,0.0,41.0
KXNBA1HTOTAL-26FEB22DALIND-123,0.0,0.0,0.0
KXALEAGUETOTAL-26FEB17SYDAUC-3,0.0,0.0,11528.0
KXNBABLK-26FEB22DENGSW-GSWAHORFORD20-2,0.0,0.0,14.0
KXPGATOP20-THGI26-CAME,0.01,0.0,17673.0
KXNBA3D-26FEB20MILNOP-NOPDQUEEN22,0.0,0.0,2020.0
KXPGATOP20-THGI26-BGRI,0.0,0.0,8899.0
KXWTACHALLENGERMATCH-26FEB17MANJOR-MAN,0.17,,154107.0
KXPGATOP20-THGI26-APOT,0.0,0.0,73581.0
KXNBAPTS-26FEB22CHAWAS-CHALBALL1-20,0.0,0.0,9679.0
KXNBABLK-26FEB19HOUCHA-HOUASENGUN28-3,0.0,0.0,0.0
KXNBA1HTOTAL-26FEB22ORLLAC-102,0.0,0.0,0.0
KXUELSPREAD-26FEB19SKBBFC-SKB2,0.0,0.0,200.0
KXNBABLK-26FEB22CLEOKC-OKCCHOLMGREN7-3,0.0,0.0,628.0
KXNBABLK-26FEB20BKNOKC-OKCCHOLMGREN7-2,0.0,0.0,85.0
KXNBA1HTOTAL-26FEB21PHINOP-122,0.0,0.0,631.0
KXNBA1HTOTAL-26FEB20LACLAL-121,0.0,0.0,327.0
KXUFCFIGHT-26FEB21ROWLEB-ROW,0.24,,84783.0
KXATPSETWINNER-26FEB20TIETIA-1-TIE,0.0,0.0,2986.0
KXWTACHALLENGERMATCH-26FEB21FERLAZ-FER,0.33,,130173.0
KXPGATOP20-THGI26-JBRI,0.01,0.0,30743.0
KXNBA1HTOTAL-26FEB20LACLAL-109,0.0,0.0,2505.0
KXWOMHOCKEYTOTAL-26FEB17SWELVA-3,0.0,0.0,1085.0
KXWOMHOCKEYTOTAL-26FEB21SVKFIN-7,0.0,0.0,619.0
KXBBLGAME-26FEB191300MBCLUD-MBC,0.0,0.0,81587.0
KXDENSUPERLIGAGAME-26FEB22SILFCM-FCM,0.02,0.0,24026.0
KXNBABLK-26FEB20CLECHA-CLEJALLEN31-3,0.0,0.0,0.0
KXWTACHALLENGERMATCH-26FEB18SAWVID-VID,0.82,,5639.0
KXNBA1HTOTAL-26FEB19DETNYK-103,0.01,0.0,489.0
KXUFCVICROUND-26FEB21STRHER-STR2,0.0,0.0,54755.0
KXWOMHOCKEYTOTAL-26FEB17DEUFRA-7,0.0,0.0,1032.0
KXNBABLK-26FEB19BKNCLE-CLEJALLEN31-1,0.0,0.0,0.0
KXPGATOP20-THGI26-DBER,0.0,0.0,14407.0
KXWOMHOCKEYTOTAL-26FEB20CANFIN-5,0.03,19.0,157466.0
KXNBA3D-26FEB19TORCHI-TORSBARNES4,0.0,0.0,1567.0
KXNBA2D-26FEB21ORLPHX-PHXDBROOKS3,0.0,0.0,543.0
KXNBABLK-26FEB20LACLAL-LALDAYTON5-2,0.0,0.0,39.0
KXNBABLK-26FEB20MILNOP-NOPZWILLIAMSON1-2,0.0,0.0,0.0
KXWTACHALLENGERMATCH-26FEB22YAMSPI-SPI,0.04,0.0,12569.0
KXNBABLK-26FEB21ORLPHX-PHXMWILLIAMS15-3,0.0,0.0,0.0
KXNBA2D-26FEB20BKNOKC-OKCLDORT5,0.0,0.0,0.0
KXNBA3D-26FEB22ORLLAC-LACBMATHURIN9,0.0,0.0,1659.0
KXNBA2D-26FEB21SACSAS-SASDFOX4,0.0,0.0,1508.0
KXWOMHOCKEYTOTAL-26FEB17DEUFRA-3,0.01,0.0,334.0
KXWTACHALLENGERMATCH-26FEB17BROLAZ-BRO,0.23,,56294.0
KXNBA3D-26FEB19DETNYK-NYKJBRUNSON11,0.0,0.0,58.0
KXWOMHOCKEYTOTAL-26FEB21SVKFIN-3,0.01,0.0,496.0
KXSCOTTISHPREMGAME-26FEB21HOMFAL-HOM,0.53,,17871.0
KXWOMHOCKEYTOTAL-26FEB17SWELVA-7,0.0,0.0,3309.0
KXNBABLK-26FEB20DENPOR-DENNJOKIC15-3,0.0,0.0,1.0
KXNBABLK-26FEB21SACSAS-SASVWEMBANYAMA1-2,0.0,0.0,8.0
KXNBA1HTOTAL-26FEB22BKNATL-122,0.0,0.0,732.0
KXNBA2D-26FEB19ORLSAC-SACRWESTBROOK18,0.0,5.0,2100.0
KXNBA1HTOTAL-26FEB21HOUNYK-93,0.01,0.0,0.0
KXEPLBTTS-26FEB23EVEMUN,0.0,22.0,42729.0
KXWOMHOCKEYTOTAL-26FEB18USASWE-4,0.01,0.0,33712.0
KXNBA1HTOTAL-26FEB22PHIMIN-114,0.0,0.0,0.0
KXNBABLK-26FEB20CLECHA-CLEEMOBLEY4-1,0.01,0.0,0.0
KXWOMHOCKEYTOTAL-26FEB17CZEDNK-4,0.01,0.0,8493.0
KXWTACHALLENGERMATCH-26FEB17SEMBOL-SEM,0.31,,26662.0
KXWTACHALLENGERMATCH-26FEB23TOTSPI-SPI,0.31,,39087.0
KXUELSPREAD-26FEB19FENNFO-FEN1,0.0,1.0,841.0
KXNBAPTS-26FEB22DENGSW-DENNJOKIC15-40,0.0,0.0,5785.0
KXNBA2D-26FEB22DENGSW-DENNJOKIC15,0.21,,230.0
KXNBA1HTOTAL-26FEB19HOUCHA-102,0.0,0.0,281.0
KXNBA2D-26FEB20DALMIN-MINDDIVINCENZO0,0.0,0.0,171.0
KXWTACHALLENGERMATCH-26FEB19MLAFER-FER,0.78,,24667.0
KXWOMHOCKEYTOTAL-26FEB20USASVK-6,0.09,,133669.0
KXNBA1HTOTAL-26FEB22NYKCHI-123,0.0,0.0,254.0
KXNBA1HTOTAL-26FEB20MIAATL-129,0.0,0.0,0.0
KXNBAPTS-26FEB21HOUNYK-NYKOANUNOBY8-15,0.44,,6698.0
KXNBA2D-26FEB22CLEOKC-OKCIHARTENSTEIN55,0.0,15.0,312.0
KXNBA2D-26FEB19DETNYK-DETATHOMPSON9,0.0,0.0,411.0
KXPGATOP20-THGI26-RHEN,0.0,0.0,7496.0
KXNBABLK-26FEB19BKNCLE-CLEEMOBLEY4-3,0.0,0.0,0.0
KXWTACHALLENGERMATCH-26FEB20TOMLAM-TOM,0.05,,154606.0
KXWTACHALLENGERMATCH-26FEB19MLAFER-MLA,0.04,11.0,46681.0
KXNBAPTS-26FEB22BOSLAL-BOSJBROWN7-30,0.0,0.0,22395.0
KXNBAPTS-26FEB22BOSLAL-BOSJBROWN7-25,0.0,0.0,5138.0
KXNBA1HTOTAL-26FEB20MIAATL-114,0.0,0.0,90.0
KXNBA2D-26FEB22PORPHX-PORJHOLIDAY5,0.0,0.0,593.0
KXNBABLK-26FEB19BKNCLE-CLEEMOBLEY4-2,0.0,6.0,0.0
KXUFCFIGHT-26FEB21SMIHAR-SMI,0.66,,120411.0
KXNBA2D-26FEB21HOUNYK-HOUKDURANT7,0.0,0.0,2637.0
KXPGATOP20-THGI26-MMCC,0.0,0.0,2026.0
KXPGATOP20-THGI26-SLOW,0.0,0.0,16589.0
KXNBA2D-26FEB20LACLAL-LALLJAMES23,0.02,0.0,7245.0
KXPGATOP20-THGI26-CMOR,0.0,0.0,62426.0
KXNBA1HTOTAL-26FEB22DALIND-132,0.0,0.0,573.0
KXNBA1HTOTAL-26FEB22DALIND-126,0.0,0.0,0.0
KXWTACHALLENGERMATCH-26FEB20BARSAL-SAL,0.23,,143863.0
KXNBA1HTOTAL-26FEB20CLECHA-120,0.0,0.0,0.0
KXWOMHOCKEYTOTAL-26FEB20USASVK-7,0.01,0.0,32109.0
KXPGATOP20-THGI26-RMAC,0.0,0.0,16778.0
KXNBA2D-26FEB20DALMIN-DALPWASHINGTON25,0.0,0.0,275.0
KXNBA1HTOTAL-26FEB20CLECHA-108,0.0,0.0,803.0
KXNBA1HTOTAL-26FEB19HOUCHA-117,0.0,0.0,0.0
KXNBA2D-26FEB21DETCHI-DETTHARRIS12,0.0,0.0,860.0
KXUELSPREAD-26FEB19DINGEN-DIN1,0.0,1.0,6436.0
KXNBA3D-26FEB22BKNATL-ATLJJOHNSON1,0.0,17.0,2643.0
KXNBA1HTOTAL-26FEB22PHIMIN-129,0.0,0.0,269.0
KXUFCFIGHT-26FEB21NEAMED-MED,0.27,,145997.0
KXUELSPREAD-26FEB19FENNFO-NFO2,0.0,0.0,581.0
KXWOMHOCKEYTOTAL-26FEB17CZEDNK-5,0.01,0.0,38403.0
KXWOMHOCKEYTOTAL-26FEB18USASWE-5,0.02,0.0,61216.0
KXNBA1HTOTAL-26FEB20LACLAL-118,0.0,0.0,229.0
KXNBA2D-26FEB21DETCHI-CHIJGIDDEY3,0.0,0.0,1636.0
KXWTACHALLENGERMATCH-26FEB18SEBCRO-CRO,0.2,,38998.0
KXUFCFIGHT-26FEB21ROWLEB-LEB,0.56,,128314.0
KXNBABLK-26FEB21SACSAS-SASVWEMBANYAMA1-3,0.01,0.0,1795.0
KXBUNDESLIGABTTS-26FEB20M05HSV,0.01,0.0,13857.0
KXNBABLK-26FEB20DENPOR-DENNJOKIC15-2,0.0,0.0,0.0
KXNBA1HTOTAL-26FEB20DENPOR-119,0.0,0.0,69.0
KXNBA1HTOTAL-26FEB19DETNYK-112,0.0,0.0,545.0
KXNBA1HTOTAL-26FEB19DETNYK-106,0.0,0.0,54.0
KXWTACHALLENGERMATCH-26FEB22GUOCHA-GUO,0.21,,202782.0
KXWOMHOCKEYTOTAL-26FEB17SWELVA-6,0.36,,75954.0
KXNBA1HTOTAL-26FEB20DENPOR-125,0.0,0.0,1904.0
KXNBA1HTOTAL-26FEB20LACLAL-97,0.0,0.0,0.0
KXNBA2D-26FEB19INDWAS-INDANEMBHARD2,0.0,4.0,11.0
KXUFCFIGHT-26FEB21IGECOS-IGE,0.06,,355837.0
KXWTACHALLENGERMATCH-26FEB18SISSAL-SIS,0.2,,29576.0
KXKBLGAME-26FEB190500THUGOY-THU,0.0,0.0,61560.0
KXWTACHALLENGERMATCH-26FEB22SHYGLU-GLU,0.09,,43126.0
KXNBA2D-26FEB21HOUNYK-HOUATHOMPSON1,0.0,1.0,336.0
KXNBAPTS-26FEB21PHINOP-NOPZWILLIAMSON1-25,0.0,0.0,6549.0
KXNBABLK-26FEB21ORLPHX-PHXMWILLIAMS15-2,0.0,0.0,22.0
KXNBABLK-26FEB20MILNOP-NOPZWILLIAMSON1-3,0.0,0.0,0.0
KXNBABLK-26FEB20MILNOP-NOPZWILLIAMSON1-1,0.0,0.0,0.0
KXNBAPTS-26FEB22ORLLAC-ORLDBANE3-25,0.0,0.0,6960.0
KXWTACHALLENGERMATCH-26FEB19KOEKOS-KOS,0.38,,39464.0
KXNBAPTS-26FEB22PHIMIN-MINAEDWARDS5-30,0.42,,6536.0
KXWOMHOCKEY-26FEB20USASVK-SVK,0.0,0.0,1508570.0
KXUFCVICROUND-26FEB21STRHER-STR5,0.0,0.0,48253.0
KXSCOTTISHPREMGAME-26FEB22LIVRFC-RFC,0.0,0.0,198423.0
KXWTACHALLENGERMATCH-26FEB20CHAHIB-CHA,0.43,,103848.0
KXWTACHALLENGERMATCH-26FEB20KALGUO-GUO,0.05,,138531.0
KXNBAPTS-26FEB22ORLLAC-LACBMATHURIN9-20,0.0,0.0,19264.0
KXWOMHOCKEYTOTAL-26FEB17SWELVA-4,0.0,0.0,621.0
KXWTACHALLENGERMATCH-26FEB19SHYKRA-KRA,0.62,,18402.0
KXNBA2D-26FEB19INDWAS-INDJWALKER5,0.0,3.0,81.0
KXNBA1HTOTAL-26FEB21PHINOP-125,0.0,0.0,194.0
KXNBAPTS-26FEB19DENLAC-DENNJOKIC15-25,0.0,0.0,23207.0
KXNBA1HTOTAL-26FEB21PHINOP-131,0.0,0.0,0.0
KXNBA2D-26FEB21HOUNYK-HOUJSMITH10,0.0,0.0,1062.0
KXNBA1HTOTAL-26FEB21PHINOP-119,0.0,0.0,421.0
KXWTACHALLENGERMATCH-26FEB18AKLQUE-QUE,0.74,,3750.0
KXNBA2D-26FEB19ORLSAC-ORLFWAGNER22,0.01,0.0,312.0
KXWTACHALLENGERMATCH-26FEB20BARSAL-BAR,0.45,,84326.0
KXWTACHALLENGERMATCH-26FEB20KOSJOR-JOR,0.17,,379588.0
KXWOMHOCKEYTOTAL-26FEB18USASWE-7,0.0,0.0,18482.0
KXNBABLK-26FEB20CLECHA-CLEEMOBLEY4-2,0.01,0.0,0.0
KXNBA1HTOTAL-26FEB22PHIMIN-117,0.0,0.0,206.0
KXWOMHOCKEYTOTAL-26FEB17CZEDNK-7,0.01,0.0,6303.0
KXUELSPREAD-26FEB19FENNFO-FEN2,0.0,1.0,3947.0
KXPGATOP20-THGI26-TPEN,0.0,0.0,10450.0
KXNBA1HTOTAL-26FEB22ORLLAC-111,0.0,0.0,2297.0
KXNBAPTS-26FEB21SACSAS-SACDDEROZAN10-20,0.0,0.0,6227.0
KXNBA2D-26FEB22BKNATL-BKNNCLAXTON33,0.0,17.0,332.0
KXNBA1HTOTAL-26FEB22ORLLAC-105,0.01,0.0,477.0
KXPGATOP20-THGI26-RMCI,0.01,0.0,62476.0
KXWTACHALLENGERMATCH-26FEB21LAMSNI-SNI,0.71,,157809.0
KXNBA1HTOTAL-26FEB22NYKCHI-108,0.0,0.0,0.0
KXWOMHOCKEYTOTAL-26FEB20USASVK-5,0.48,,232288.0
KXWOMHOCKEYTOTAL-26FEB18CANCZE-9,0.0,0.0,488.0
KXNBA1HTOTAL-26FEB22NYKCHI-120,0.0,0.0,3116.0
KXWTACHALLENGERMATCH-26FEB17SHYPAR-SHY,0.37,,190718.0
KXNBA3D-26FEB21HOUNYK-NYKJHART3,0.0,0.0,11949.0
KXPGATOP20-THGI26-TKIM,0.0,0.0,22173.0
KXWTACHALLENGERMATCH-26FEB19TANKOR-KOR,0.78,,51818.0
KXALEAGUETOTAL-26FEB17SYDAUC-4,0.0,0.0,962.0
KXNBAPTS-26FEB21HOUNYK-HOUKDURANT7-25,0.21,,25664.0
KXNBA1HTOTAL-26FEB21SACSAS-112,0.0,0.0,0.0
KXNBA1HTOTAL-26FEB21SACSAS-106,0.01,0.0,250.0
KXNBAPTS-26FEB22CLEOKC-CLEJALLEN31-15,0.0,0.0,9677.0
KXNBAPTS-26FEB22BOSLAL-LALLJAMES23-25,0.0,0.0,9011.0
KXNBA2D-26FEB20MIAATL-ATLOOKONGWU17,0.0,1.0,105.0
KXNBA2D-26FEB19ORLSAC-SACDDEROZAN10,0.0,0.0,199.0
KXNBA1HTOTAL-26FEB20MIAATL-117,0.0,0.0,371.0
KXSCOTTISHPREMGAME-26FEB21DUUKIL-KIL,0.0,18.0,9167.0
KXNBABLK-26FEB19BKNCLE-CLEEMOBLEY4-1,0.21,,300.0
KXNBA2D-26FEB22ORLLAC-LACBLOPEZ11,0.0,9.0,5197.0
KXNBA2D-26FEB20LACLAL-LACBLOPEZ11,0.0,0.0,488.0
KXNBA2D-26FEB22PORPHX-PHXMWILLIAMS15,0.0,0.0,593.0
KXWOMHOCKEYTOTAL-26FEB18CANCZE-8,0.0,0.0,21080.0
KXNBA1HTOTAL-26FEB20CLECHA-123,0.0,0.0,0.0
KXWOMHOCKEYTOTAL-26FEB20USASVK-4,0.01,0.0,32430.0
KXNBA1HTOTAL-26FEB19HOUCHA-114,0.0,0.0,32.0
KXNBA1HTOTAL-26FEB19PHXSAS-112,0.0,0.0,0.0
KXNBA2D-26FEB19HOUCHA-CHAKKNUEPPEL7,0.0,0.0,442.0
KXDENSUPERLIGAGAME-26FEB21OBKFCC-FCC,0.0,4.0,45279.0
KXWOMHOCKEYTOTAL-26FEB22USACAN-8,0.0,0.0,1481.0
KXNBA1HTOTAL-26FEB19PHXSAS-106,0.01,0.0,241.0
KXUELSPREAD-26FEB19DINGEN-DIN2,0.0,0.0,0.0
KXUELSPREAD-26FEB19FENNFO-NFO1,0.16,,4543.0
KXWOMHOCKEYTOTAL-26FEB17CZEDNK-6,0.01,0.0,30758.0
KXNBABLK-26FEB20CLECHA-CLEEMOBLEY4-3,0.01,0.0,0.0
KXWOMHOCKEYTOTAL-26FEB18USASWE-6,0.02,0.0,76473.0
KXWTACHALLENGERMATCH-26FEB17GUOCHI-CHI,0.06,,389830.0
KXNBAPTS-26FEB20LACLAL-LACKLEONARD2-35,0.0,0.0,5725.0
KXWTACHALLENGERMATCH-26FEB21GOLKOS-GOL,0.57,,362021.0
KXNBA1HTOTAL-26FEB19BKNCLE-122,0.0,0.0,0.0
KXNBA2D-26FEB20MIAATL-MIABADEBAYO13,0.0,19.0,722.0
KXNBA1HTOTAL-26FEB22DENGSW-121,0.0,0.0,146.0
KXNBA2D-26FEB20MILNOP-MILKPORTER7,0.0,0.0,108.0
KXNBA2D-26FEB22DALIND-DALPWASHINGTON25,0.0,4.0,88.0
KXNBABLK-26FEB20DENPOR-DENNJOKIC15-1,0.0,0.0,7.0
KXWOMHOCKEY-26FEB18FINCHE-FIN,0.11,,357506.0
KXNBA1HTOTAL-26FEB22DENGSW-109,0.0,0.0,209.0
KXWOMHOCKEYTOTAL-26FEB17SWELVA-5,0.0,0.0,25097.0
KXNBA2D-26FEB22BOSLAL-LALLDONCIC77,0.0,0.0,8993.0
KXPGATOP20-THGI26-STHE,0.0,0.0,16597.0
KXWTACHALLENGERMATCH-26FEB17SNIHRU-SNI,0.76,,44622.0
KXUFCFIGHT-26FEB21LEADEL-LEA,0.02,1.0,240848.0
KXUFCVICROUND-26FEB21STRHER-STR4,0.0,0.0,59717.0
KXNBAPTS-26FEB22ORLLAC-ORLDBANE3-30,0.0,0.0,11660.0
KXNBABLK-26FEB21ORLPHX-PHXMWILLIAMS15-1,0.0,0.0,0.0
KXNBA2D-26FEB21SACSAS-SACRWESTBROOK18,0.0,1.0,4248.0
KXWOMHOCKEYTOTAL-26FEB20CANFIN-3,0.01,0.0,4303.0
KXWTACHALLENGERMATCH-26FEB19KOEKOS-KOE,0.25,,17335.0
KXKBLGAME-26FEB190500KNIDAE-DAE,0.02,0.0,118319.0
KXWTACHALLENGERMATCH-26FEB21CHAVID-CHA,0.26,,330640.0
KXNBAPTS-26FEB20LACLAL-LALAREAVES15-30,0.0,0.0,5123.0
KXNBA2D-26FEB21PHINOP-NOPDQUEEN22,0.0,18.0,1363.0
KXWTACHALLENGERMATCH-26FEB21STOGUO-GUO,0.23,,344676.0
KXWTACHALLENGERMATCH-26FEB17JOKJON-JOK,0.04,0.0,43852.0
KXUELSPREAD-26FEB19LILCZV-LIL2,0.0,3.0,15551.0
KXNBA1HTOTAL-26FEB22BOSLAL-127,0.0,0.0,0.0
KXPGATOP20-THGI26-MGRE,0.0,0.0,7760.0
KXNBA1HTOTAL-26FEB21DETCHI-113,0.0,0.0,0.0
KXNBA2D-26FEB20CLECHA-CLEJHARDEN1,0.0,0.0,2037.0
KXNBA3D-26FEB19HOUCHA-HOUASENGUN28,0.0,0.0,2172.0
KXNBA1HTOTAL-26FEB21DETCHI-107,0.0,0.0,0.0
KXWOMHOCKEYTOTAL-26FEB18SVKDEU-8,0.01,0.0,0.0
KXPGATOP20-THGI26-BCAM,0.0,0.0,16226.0
KXNBA1HTOTAL-26FEB21MEMMIA-117,0.01,0.0,28.0
KXNBA1HTOTAL-26FEB19BOSGSW-121,0.0,0.0,2079.0
KXNBA2D-26FEB19ORLSAC-ORLPBANCHERO5,0.0,0.0,238.0
KXNBA3D-26FEB22NYKCHI-NYKJHART3,0.0,0.0,11446.0
KXKBLGAME-26FEB170000SONDAE-SON,0.02,0.0,413229.0
KXNBA2D-26FEB22BOSLAL-BOSDWHITE9,0.0,0.0,735.0
KXWTACHALLENGERMATCH-26FEB17KALROG-ROG,0.15,,10103.0
KXNBA1HTOTAL-26FEB19BOSGSW-109,0.0,0.0,107.0
KXWTACHALLENGERMATCH-26FEB17BAIPAL-BAI,0.3,,66659.0
KXNBABLK-26FEB19PHXSAS-SASVWEMBANYAMA1-2,0.21,,280.0
KXNBA1HTOTAL-26FEB22CHAWAS-117,0.0,0.0,0.0
KXNBABLK-26FEB19PHXSAS-PHXMWILLIAMS15-2,0.0,0.0,0.0
KXNBA2D-26FEB20DALMIN-MINJMCDANIELS3,0.0,0.0,40.0
KXWOMHOCKEYTOTAL-26FEB18FINCHE-6,0.01,0.0,2126.0
KXNBA1HTOTAL-26FEB20UTAMEM-107,0.0,0.0,0.0
KXNBA1HTOTAL-26FEB19INDWAS-120,0.0,0.0,0.0
KXNBA1HTOTAL-26FEB20UTAMEM-113,0.01,0.0,581.0
KXNBA1HTOTAL-26FEB20DALMIN-123,0.0,0.0,2352.0
KXNBA1HTOTAL-26FEB19INDWAS-108,0.0,0.0,0.0
KXNBABLK-26FEB20MIAATL-MIAKWARE7-3,0.0,0.0,0.0
KXUFCVICROUND-26FEB21STRHER-HER4,0.0,0.0,15296.0
KXWTACHALLENGERMATCH-26FEB17DODKOR-KOR,0.0,14.0,111258.0
KXNBA1HTOTAL-26FEB22TORMIL-114,0.0,0.0,0.0
KXWTACHALLENGERMATCH-26FEB17TOMJAK-JAK,0.02,10.0,29148.0
KXNBA1HTOTAL-26FEB19ORLSAC-126,0.0,0.0,0.0
KXNBA2D-26FEB19DETNYK-NYKJHART3,0.0,0.0,1669.0
KXNBAPTS-26FEB22PHIMIN-MINJMCDANIELS3-15,0.01,9.0,10858.0
KXWTACHALLENGERMATCH-26FEB22SALLAZ-LAZ,0.01,12.0,10186.0
KXUELSPREAD-26FEB19PANVIK-PAN2,0.0,3.0,119.0
KXNBA1HTOTAL-26FEB22TORMIL-96,0.01,0.0,0.0
KXNBA2D-26FEB19HOUCHA-HOUJSMITH10,0.0,0.0,193.0
KXNBABLK-26FEB20LACLAL-LACKLEONARD2-1,0.0,0.0,24.0
KXPGATOP20-THGI26-KBRA,0.0,0.0,6175.0
KXNBA2D-26FEB19BOSGSW-GSWDGREEN23,0.0,0.0,6471.0
KXUFCVICROUND-26FEB21STRHER-HER5,0.0,0.0,13321.0
KXPGATOP20-THGI26-JDAY,0.0,0.0,8555.0
KXNBAPTS-26FEB21HOUNYK-NYKMBRIDGES25-15,0.0,0.0,6295.0
KXNBA1HTOTAL-26FEB22CLEOKC-118,0.0,0.0,799.0
KXNBABLK-26FEB20MIAATL-MIAKWARE7-2,0.0,0.0,0.0
KXNBA2D-26FEB20MILNOP-MILKKUZMA18,0.0,0.0,402.0
KXWOMHOCKEYTOTAL-26FEB18FINCHE-7,0.01,0.0,205.0
KXBBLGAME-26FEB171230SKYBAY-BAY,0.01,0.0,146639.0
KXUELSPREAD-26FEB19PAOKRCC-RCC1,0.08,,788.0
KXNBAPTS-26FEB22DENGSW-DENNJOKIC15-30,0.0,15.0,7065.0
KXWTACHALLENGERMATCH-26FEB17HOSLIU-HOS,0.14,,95319.0
KXNBABLK-26FEB19PHXSAS-PHXMWILLIAMS15-3,0.0,0.0,0.0
KXNBA1HTOTAL-26FEB22CHAWAS-102,0.0,0.0,1332.0
KXNBAPTS-26FEB20CLECHA-CHALBALL1-20,0.0,17.0,9184.0
KXNBA1HTOTAL-26FEB19DENLAC-107,0.0,0.0,170.0
KXNBA1HTOTAL-26FEB19DENLAC-113,0.0,0.0,0.0
KXSAUDIPLTOTAL-26FEB20DAMSHA-2,0.01,0.0,5224.0
KXUFCFIGHT-26FEB21OSBIDI-OSB,0.0,214.0,304795.0
KXNBA2D-26FEB22PORPHX-PORDCLINGAN23,0.0,7.0,1879.0
KXWTACHALLENGERMATCH-26FEB17COLDAY-COL,0.03,0.0,211353.0
KXKBLGAME-26FEB170230KNITHU-THU,0.02,0.0,143132.0
KXNBABLK-26FEB19PHXSAS-SASVWEMBANYAMA1-3,0.0,21.0,4137.0
KXNBABLK-26FEB22PORPHX-PHXMWILLIAMS15-1,0.0,0.0,0.0
KXNBA1HTOTAL-26FEB20INDWAS-121,0.0,0.0,0.0
KXWTACHALLENGERMATCH-26FEB22ALVCOL-COL,0.35,,90494.0
KXNBA1HTOTAL-26FEB20MILNOP-103,0.01,0.0,5.0
KXNBA1HTOTAL-26FEB22PORPHX-115,0.0,0.0,1125.0
KXNBA1HTOTAL-26FEB20INDWAS-109,0.0,0.0,1757.0
KXNBA2D-26FEB19BKNCLE-CLEJHARDEN1,0.0,0.0,1783.0
KXWOMHOCKEYTOTAL-26FEB18SVKDEU-9,0.01,0.0,0.0
KXNBA2D-26FEB20DALMIN-MINAEDWARDS5,0.0,0.0,1858.0
KXNBAPTS-26FEB20DENPOR-DENNJOKIC15-35,0.0,0.0,5493.0
KXNBA2D-26FEB21MEMMIA-MIANPOWELL24,0.0,0.0,0.0
KXLIGUE1BTTS-26FEB20STBOM,0.0,0.0,8790.0
KXNBA2D-26FEB20CLECHA-CLEDMITCHELL45,0.0,0.0,1807.0
KXNBA1HTOTAL-26FEB21HOUNYK-105,0.0,0.0,1343.0
KXNBA1HTOTAL-26FEB19ATLPHI-111,0.0,0.0,248.0
KXNBAPTS-26FEB22BOSLAL-LALLDONCIC77-35,0.0,0.0,6389.0
KXNBA1HTOTAL-26FEB21HOUNYK-111,0.0,0.0,149.0
KXNBAPTS-26FEB20LACLAL-LALAREAVES15-25,0.01,0.0,13474.0
KXPGATOP20-THGI26-RGER,0.0,0.0,8039.0
KXUELSPREAD-26FEB19LILCZV-LIL1,0.0,4.0,5604.0
KXNBA1HTOTAL-26FEB22BOSLAL-124,0.0,0.0,2526.0
KXNBA1HTOTAL-26FEB22BOSLAL-130,0.0,0.0,240.0
KXNBA1HTOTAL-26FEB22BOSLAL-118,0.0,0.0,11042.0
KXATPSETWINNER-26FEB23PELBAR-2-PEL,0.0,0.0,0.0
KXPGATOP20-THGI26-LABE,0.0,0.0,55430.0
KXWTACHALLENGERMATCH-26FEB19JORJOR2-JOR2,0.58,,5383.0
KXUFCFIGHT-26FEB21NEAMED-NEA,0.6,,172506.0
KXWTACHALLENGERMATCH-26FEB18FREDAY-FRE,0.06,,587694.0
KXNBAPTS-26FEB22CLEOKC-CLEJHARDEN1-20,0.0,19.0,6951.0
KXNBA2D-26FEB20MILNOP-NOPDQUEEN22,0.0,0.0,3486.0
KXNBA2D-26FEB19HOUCHA-HOUATHOMPSON1,0.0,0.0,623.0
KXWOMHOCKEYTOTAL-26FEB17CHEITA-3,0.01,0.0,6835.0
KXNBAPTS-26FEB19PHXSAS-SASVWEMBANYAMA1-20,0.0,0.0,16101.0
KXNBA1HTOTAL-26FEB20BKNOKC-106,0.0,0.0,0.0
KXNBA1HTOTAL-26FEB20BKNOKC-112,0.0,0.0,291.0
KXNBA1HTOTAL-26FEB21DETCHI-110,0.0,0.0,0.0
KXDENSUPERLIGAGAME-26FEB22RANFRE-FRE,0.02,0.0,27868.0
KXATPSETWINNER-26FEB19MENSIN-1-MEN,0.0,0.0,1581.0
KXNBA1HTOTAL-26FEB22PORPHX-103,0.0,0.0,91.0
KXNBA2D-26FEB22DENGSW-GSWAHORFORD20,0.0,1.0,1010.0
KXNBA1HTOTAL-26FEB20MILNOP-115,0.01,0.0,488.0
KXPGATOP20-THGI26-SVAL,0.0,0.0,19523.0
KXBBLGAME-26FEB181400RASTBB-RAS,0.0,0.0,54438.0
KXNBA1HTOTAL-26FEB21MEMMIA-114,0.0,0.0,0.0
KXNBA2D-26FEB22PHIMIN-PHIVEDGECOMBE77,0.0,8.0,1600.0
KXNBABLK-26FEB22PORPHX-PHXMWILLIAMS15-3,0.0,0.0,0.0
KXWTACHALLENGERMATCH-26FEB17WERKRA-WER,0.03,12.0,62098.0
KXNBA2D-26FEB19HOUCHA-HOUKDURANT7,0.0,0.0,1122.0
KXNBA2D-26FEB20LACLAL-LALLDONCIC77,0.01,0.0,2979.0
KXNBA2D-26FEB19TORCHI-TORSBARNES4,0.0,0.0,477.0
KXWTACHALLENGERMATCH-26FEB19SNIBAI-BAI,0.03,11.0,51569.0
KXWTACHALLENGERMATCH-26FEB20LEEKOR-LEE,0.03,10.0,83432.0
KXNBA1HTOTAL-26FEB21ORLPHX-118,0.0,0.0,0.0
KXNBABLK-26FEB19PHXSAS-PHXMWILLIAMS15-1,0.0,0.0,300.0
KXUFCFIGHT-26FEB21SPIDEL-DEL,0.0,221.0,947807.0
KXNBA2D-26FEB19BKNCLE-CLEEMOBLEY4,0.0,2.0,492.0
KXNBA1HTOTAL-26FEB22CHAWAS-114,0.0,0.0,542.0
KXPGATOP20-THGI26-ANOR,0.0,0.0,11256.0
KXNBA1HTOTAL-26FEB19TORCHI-126,0.0,0.0,0.0
KXKBLGAME-26FEB180230SAKEGI-EGI,0.0,4.0,83956.0
KXNBA1HTOTAL-26FEB21ORLPHX-124,0.0,0.0,0.0
KXWTACHALLENGERMATCH-26FEB19JORJOR2-JOR,0.05,,693.0
KXNBA2D-26FEB20MIAATL-MIATHERRO14,0.0,0.0,2.0
KXNBA2D-26FEB21ORLPHX-PHXMWILLIAMS15,0.0,0.0,3841.0
KXNBA1HTOTAL-26FEB22CHAWAS-99,0.01,0.0,291.0
KXDENSUPERLIGAGAME-26FEB20NJAVEJ-TIE,0.05,,86585.0
KXNBA3D-26FEB20BKNOKC-OKCIHARTENSTEIN55,0.0,0.0,11828.0
KXNBA2D-26FEB20MIAATL-ATLCMCCOLLUM3,0.0,0.0,64.0
KXWTACHALLENGERMATCH-26FEB22YAMSPI-YAM,0.04,0.0,5111.0
KXNBA1HTOTAL-26FEB19INDWAS-123,0.0,0.0,0.0
KXNBA1HTOTAL-26FEB20UTAMEM-110,0.01,0.0,10.0
KXWOMHOCKEYTOTAL-26FEB18FINCHE-5,0.01,0.0,22563.0
KXNBA1HTOTAL-26FEB20UTAMEM-104,0.01,0.0,0.0
KXNBA2D-26FEB19BOSGSW-GSWAHORFORD20,0.0,0.0,23.0
KXNBA1HTOTAL-26FEB20DALMIN-120,0.0,0.0,592.0
KXNBA1HTOTAL-26FEB22TORMIL-117,0.0,0.0,0.0
KXNBABLK-26FEB20LACLAL-LACKLEONARD2-3,0.0,0.0,0.0
KXWTACHALLENGERMATCH-26FEB20LAZMAR-MAR,0.17,,40113.0
KXWTACHALLENGERMATCH-26FEB20COSFER-FER,0.43,,243992.0
KXNBAPTS-26FEB20CLECHA-CHAKKNUEPPEL7-30,0.0,0.0,6589.0
KXNBAPTS-26FEB20CLECHA-CHAKKNUEPPEL7-25,0.0,0.0,10787.0
KXNBAPTS-26FEB22ORLLAC-ORLPBANCHERO5-20,0.0,0.0,13702.0
KXUELSPREAD-26FEB19PANVIK-PAN1,0.07,,200.0
KXNBA2D-26FEB21HOUNYK-NYKMBRIDGES25,0.0,0.0,4.0
KXNBA1HTOTAL-26FEB22TORMIL-102,0.0,0.0,221.0
KXNBABLK-26FEB20LACLAL-LACKLEONARD2-2,0.0,0.0,0.0
KXNBA2D-26FEB20CLECHA-CLEEMOBLEY4,0.01,0.0,284.0
KXNBABLK-26FEB20MIAATL-MIAKWARE7-1,0.0,0.0,0.0
KXUFCFIGHT-26FEB21CORGUR-COR,0.63,,105978.0
KXNBA1HTOTAL-26FEB20DALMIN-135,0.0,0.0,0.0
KXWOMHOCKEYTOTAL-26FEB18FINCHE-4,0.01,0.0,26154.0
KXUELSPREAD-26FEB19PAOKRCC-RCC2,0.0,0.0,584.0
KXWOWHOCKEY-26FEB19CHESWE-SWE,0.58,,215799.0
KXWTACHALLENGERMATCH-26FEB18CHAYOU-YOU,0.0,11.0,191717.0
KXNBAPTS-26FEB21DETCHI-DETATHOMPSON9-10,0.0,0.0,6672.0
KXWTACHALLENGERMATCH-26FEB22TOTSHA-SHA,0.0,0.0,26057.0
KXALEAGUETOTAL-26FEB22NUJMAC-4,0.01,3.0,1561.0
KXBBLGAME-26FEB181230WURBLB-BLB,0.01,0.0,77516.0
KXNBA1HTOTAL-26FEB19HOUCHA-96,0.0,0.0,0.0
KXWTACHALLENGERMATCH-26FEB18BRESTO-BRE,0.0,10.0,39359.0
KXNBA2D-26FEB20UTAMEM-UTALMARKKANEN23,0.03,17.0,830.0
KXWTACHALLENGERMATCH-26FEB22TOTSHA-TOT,0.04,0.0,17585.0
KXDENSUPERLIGAGAME-26FEB21OBKFCC-OBK,0.01,3.0,54110.0
KXWTACHALLENGERMATCH-26FEB20FREVID-FRE,0.02,12.0,733557.0
KXNBA1HTOTAL-26FEB19DENLAC-110,0.0,0.0,7064.0
KXNBA2D-26FEB21DETCHI-CHIMBUZELIS14,0.0,0.0,885.0
KXNBA1HTOTAL-26FEB19DENLAC-104,0.0,0.0,751.0
KXWTACHALLENGERMATCH-26FEB17KALROG-KAL,0.7,,12208.0
KXNBA3D-26FEB20MIAATL-ATLJJOHNSON1,0.0,0.0,1475.0
KXNBABLK-26FEB22PORPHX-PHXMWILLIAMS15-2,0.0,0.0,0.0
KXWTACHALLENGERMATCH-26FEB17BRACRO-CRO,0.45,,433578.0
KXNBA2D-26FEB21PHINOP-PHITMAXEY0,0.0,0.0,454.0
KXALEAGUETOTAL-26FEB20WPHAUC-4,0.03,7.0,11592.0
KXNBA1HTOTAL-26FEB21MEMMIA-129,0.0,0.0,0.0
KXEPLBTTS-26FEB21WHUBOU,0.0,0.0,7493.0
KXWTACHALLENGERMATCH-26FEB17SNIHRU-HRU,0.0,13.0,30482.0
KXWTACHALLENGERMATCH-26FEB22ALVCOL-ALV,0.06,,92481.0
KXNBA1HTOTAL-26FEB22BOSLAL-109,0.0,0.0,2103.0
KXNBA2D-26FEB22CLEOKC-CLEJALLEN31,0.0,17.0,3238.0
KXNBA2D-26FEB20DENPOR-DENCJOHNSON23,0.0,0.0,234.0
KXNBA1HTOTAL-26FEB21HOUNYK-102,0.0,0.0,0.0
KXNBA1HTOTAL-26FEB22BOSLAL-121,0.0,0.0,2950.0
KXNBAPTS-26FEB19PHXSAS-SASVWEMBANYAMA1-25,0.0,0.0,18667.0
KXNBA1HTOTAL-26FEB20BKNOKC-103,0.0,0.0,1.0
KXNBA3D-26FEB19ORLSAC-SACRWESTBROOK18,0.0,0.0,6156.0
KXSAUDIPLTOTAL-26FEB23QADITT-3,0.01,0.0,3943.0
KXWOMHOCKEY-26FEB21SVKFIN-SVK,0.0,0.0,274815.0
KXWOMHOCKEYTOTAL-26FEB17CHEITA-6,0.01,19.0,13933.0
KXNBABLK-26FEB22NYKCHI-NYKKTOWNS32-3,0.0,0.0,0.0
KXNBA3D-26FEB20LACLAL-LACBMATHURIN9,0.0,0.0,10295.0
KXWOMHOCKEY-26FEB17CZEDNK-DNK,0.05,,151413.0
KXNBA3D-26FEB20LACLAL-LALLJAMES23,0.0,0.0,9077.0
KXNBA1HTOTAL-26FEB21MEMMIA-111,0.0,0.0,0.0
KXNBA1HTOTAL-26FEB22PORPHX-112,0.0,0.0,579.0
KXNBA1HTOTAL-26FEB22PORPHX-106,0.0,0.0,0.0
KXNBABLK-26FEB19PHXSAS-SASVWEMBANYAMA1-4,0.02,0.0,0.0
KXUELSPREAD-26FEB19SKBBFC-BFC1,0.0,0.0,1990.0
KXWTACHALLENGERMATCH-26FEB17TIKLIA-LIA,0.04,2.0,68522.0
KXWOMHOCKEY-26FEB17DEUFRA-DEU,0.82,,97274.0
KXNBA2D-26FEB19PHXSAS-PHXDBOOKER1,0.0,0.0,1496.0
KXNBA1HTOTAL-26FEB22CHAWAS-111,0.0,0.0,2112.0
KXNBA2D-26FEB22CHAWAS-CHALBALL1,0.0,10.0,634.0
KXNBAPTS-26FEB20DENPOR-PORDAVDIJA8-25,0.0,0.0,10509.0
KXNBA1HTOTAL-26FEB21ORLPHX-121,0.0,0.0,0.0
KXNBA1HTOTAL-26FEB22CHAWAS-105,0.0,0.0,576.0
KXNBA1HTOTAL-26FEB19TORCHI-123,0.0,0.0,0.0
KXNBA1HTOTAL-26FEB21ORLPHX-109,0.0,0.0,1342.0
KXUELSPREAD-26FEB19PANVIK-VIK1,0.0,3.0,229.0
KXWTACHALLENGERMATCH-26FEB20LEEKOR-KOR,0.69,,52794.0
KXNBA2D-26FEB19TORCHI-TORIQUICKLEY5,0.0,0.0,84.0
KXNBABLK-26FEB22BOSLAL-LALDAYTON5-1,0.0,0.0,423.0
KXNBA3D-26FEB20CLECHA-CHAKKNUEPPEL7,0.0,0.0,0.0
KXNBABLK-26FEB20DALMIN-MINRGOBERT27-1,0.21,,3.0
KXWOMHOCKEY-26FEB20USASVK-USA,0.65,,1484997.0
KXNBA1HTOTAL-26FEB19INDWAS-126,0.0,0.0,0.0
KXPGATOP20-THGI26-GHIG,0.0,0.0,1360.0
KXNBA2D-26FEB19DENLAC-LACJCOLLINS20,0.0,3.0,633.0
KXDENSUPERLIGAGAME-26FEB22RANFRE-RAN,0.0,0.0,22187.0
KXNBA1HTOTAL-26FEB19ORLSAC-120,0.0,0.0,0.0
KXNBA3D-26FEB21DETCHI-CHIJGIDDEY3,0.0,0.0,5124.0
KXNBA1HTOTAL-26FEB19ORLSAC-108,0.0,0.0,0.0
KXUFCVICROUND-26FEB21STRHER-HER2,0.0,0.0,15108.0
KXUFCVICROUND-26FEB21STRHER-HER3,0.0,0.0,21500.0
KXPGATOP20-THGI26-RFOW,0.0,0.0,27522.0
KXNBA3D-26FEB19HOUCHA-CHALBALL1,0.0,0.0,3671.0
KXNBAPTS-26FEB22ORLLAC-ORLPBANCHERO5-25,0.0,0.0,6603.0
KXNBA2D-26FEB22TORMIL-TORIQUICKLEY5,0.0,16.0,440.0
KXNBAPTS-26FEB20CLECHA-CHAKKNUEPPEL7-20,0.0,0.0,3743.0
KXNBABLK-26FEB20MIAATL-ATLOOKONGWU17-1,0.0,0.0,0.0
KXNBA1HTOTAL-26FEB20UTAMEM-128,0.0,0.0,0.0
KXNBA1HTOTAL-26FEB19HOUCHA-93,0.0,0.0,99.0
KXNBA2D-26FEB19DENLAC-DENJMURRAY27,0.0,0.0,192.0
KXUELSPREAD-26FEB19DINGEN-GEN2,0.0,0.0,170.0
KXALEAGUETOTAL-26FEB22NUJMAC-1,0.01,0.0,2019.0
KXNBA1HTOTAL-26FEB19DENLAC-101,0.0,0.0,594.0
KXWTACHALLENGERMATCH-26FEB18ANSHIB-HIB,0.63,,180245.0
KXWTACHALLENGERMATCH-26FEB17MANJOR-JOR,0.56,,133287.0
KXPGATOP20-THGI26-ANOV,0.0,0.0,4083.0
KXWTACHALLENGERMATCH-26FEB19SNIBAI-SNI,0.87,,3155.0
KXNBAPTS-26FEB19HOUCHA-CHALBALL1-25,0.0,0.0,5516.0
KXUFCFIGHT-26FEB21STRHER-STR,0.03,2.0,6353539.0
KXUELSPREAD-26FEB19LUDFTC-FTC2,0.0,0.0,438.0
KXWTACHALLENGERMATCH-26FEB20KOSJOR-KOS,0.5,,577037.0
KXNBAPTS-26FEB21DETCHI-DETCCUNNINGHAM2-25,0.0,0.0,8644.0
KXALEAGUETOTAL-26FEB20WPHAUC-1,0.03,14.0,396.0
KXNBA1HTOTAL-26FEB21DETCHI-128,0.0,0.0,0.0
KXWOMHOCKEYTOTAL-26FEB17CHEITA-7,0.01,0.0,449.0
KXWTACHALLENGERMATCH-26FEB18KORRAD-RAD,0.01,11.0,183215.0
KXNBA3D-26FEB22DENGSW-DENNJOKIC15,0.44,,8222.0
KXNBABLK-26FEB22NYKCHI-NYKKTOWNS32-2,0.0,0.0,0.0
KXNBA2D-26FEB20DALMIN-DALDGAFFORD21,0.0,2.0,0.0
KXWTACHALLENGERMATCH-26FEB18TOMLIA-LIA,0.09,,274232.0
KXNBA1HTOTAL-26FEB19ATLPHI-117,0.0,0.0,184.0
KXNBA1HTOTAL-26FEB21HOUNYK-117,0.0,0.0,0.0
KXNBABLK-26FEB20DENPOR-PORDCLINGAN23-1,0.0,0.0,0.0
KXWTACHALLENGERMATCH-26FEB18SISSAL-SAL,0.49,,105215.0
KXNBA1HTOTAL-26FEB19ATLPHI-129,0.0,0.0,35.0
KXWTACHALLENGERMATCH-26FEB18CHAYOU-CHA,0.47,,274064.0
KXWTACHALLENGERMATCH-26FEB17JOKJON-JON,0.04,0.0,41494.0
KXNBAPTS-26FEB22BOSLAL-LALLDONCIC77-25,0.0,0.0,13738.0
KXNBABLK-26FEB20DENPOR-PORDCLINGAN23-3,0.0,0.0,0.0
KXNBA1HTOTAL-26FEB21DETCHI-116,0.0,0.0,0.0
KXNBAPTS-26FEB20DENPOR-DENJMURRAY27-25,0.01,0.0,10397.0
KXNBA1HTOTAL-26FEB22ORLLAC-99,0.0,0.0,0.0
KXNBA1HTOTAL-26FEB20BKNOKC-100,0.0,0.0,0.0
KXUFCFIGHT-26FEB21OSBIDI-IDI,0.5,,425741.0
KXNBAPTS-26FEB21DETCHI-DETDROBINSON55-10,0.0,0.0,8369.0
KXWOMHOCKEYTOTAL-26FEB17CHEITA-5,0.01,0.0,1518.0
KXNBA2D-26FEB19DETNYK-NYKKTOWNS32,0.01,0.0,1196.0
KXNBA2D-26FEB19ATLPHI-ATLJJOHNSON1,0.01,0.0,2502.0
KXNBA2D-26FEB21HOUNYK-HOUASENGUN28,0.0,20.0,621.0
KXALEAGUETOTAL-26FEB20WPHAUC-3,0.03,13.0,7238.0
KXNBA1HTOTAL-26FEB19BOSGSW-118,0.0,0.0,133.0
KXUELSPREAD-26FEB19SKBBFC-BFC2,0.0,0.0,256.0
KXNBA2D-26FEB22CHAWAS-CHAKKNUEPPEL7,0.0,16.0,1438.0
KXNBA2D-26FEB20MIAATL-ATLDDANIELS5,0.0,0.0,751.0
KXNBA1HTOTAL-26FEB19BOSGSW-124,0.0,0.0,956.0
KXNBA2D-26FEB22TORMIL-TORJPOELTL19,0.0,0.0,679.0
KXATPSETWINNER-26FEB20TIETIA-2-TIA,0.0,0.0,4365.0
KXNBA1HTOTAL-26FEB19TORCHI-120,0.0,0.0,0.0
KXUELSPREAD-26FEB19PANVIK-VIK2,0.0,0.0,62.0
KXWTACHALLENGERMATCH-26FEB20COSFER-COS,0.3,,385698.0
KXWTACHALLENGERMATCH-26FEB18FERSTE-STE,0.04,12.0,184204.0
KXNBA1HTOTAL-26FEB19TORCHI-108,0.0,0.0,0.0
KXWTACHALLENGERMATCH-26FEB19HIBOSU-HIB,0.04,0.0,28361.0
KXALEAGUETOTAL-26FEB22NUJMAC-3,0.01,3.0,8247.0
KXNBA2D-26FEB20INDWAS-INDANEMBHARD2,0.01,2.0,110.0
KXNBA2D-26FEB21HOUNYK-NYKJBRUNSON11,0.0,2.0,6728.0
KXKBLGAME-26FEB190500THUGOY-GOY,0.02,0.0,36032.0
KXUFCFIGHT-26FEB21IGECOS-COS,0.58,,205784.0
KXNBABLK-26FEB22BOSLAL-LALDAYTON5-2,0.0,0.0,0.0
KXNBA3D-26FEB20MILNOP-MILKPORTER7,0.0,0.0,673.0
KXNBA1HTOTAL-26FEB20DALMIN-126,0.0,0.0,940.0
KXNBA1HTOTAL-26FEB20DALMIN-132,0.0,0.0,0.0
KXNBABLK-26FEB20DALMIN-MINRGOBERT27-2,0.0,13.0,300.0
KXWOMHOCKEYTOTAL-26FEB18FINCHE-3,0.01,0.0,11595.0
KXNBA1HTOTAL-26FEB20UTAMEM-116,0.01,0.0,2941.0
KXNBA2D-26FEB19BOSGSW-BOSDWHITE9,0.0,0.0,2135.0
KXNBA1HTOTAL-26FEB19ORLSAC-123,0.0,0.0,0.0
KXNBABLK-26FEB20MIAATL-ATLOOKONGWU17-3,0.0,0.0,0.0
KXWTACHALLENGERMATCH-26FEB19SHYKRA-SHY,0.02,10.0,27928.0
KXUFCVICROUND-26FEB21STRHER-HER1,0.0,0.0,13767.0
KXNBA1HTOTAL-26FEB22TORMIL-105,0.0,0.0,575.0
KXNBA1HTOTAL-26FEB22TORMIL-111,0.0,0.0,588.0
KXWOMHOCKEY-26FEB18SVKDEU-DEU,0.0,12.0,100918.0
KXPGATOP20-THGI26-LGLO,0.0,0.0,2897.0
KXNBABLK-26FEB20MIAATL-ATLOOKONGWU17-2,0.0,0.0,350.0
KXNBAPTS-26FEB22BOSLAL-BOSPPRITCHARD11-15,0.0,0.0,9662.0
KXNBA1HTOTAL-26FEB22CLEOKC-121,0.0,0.0,151.0
KXNBABLK-26FEB20DALMIN-MINRGOBERT27-3,0.0,0.0,0.0
KXNBA1HTOTAL-26FEB22CLEOKC-109,0.0,0.0,6622.0
KXUELSPREAD-26FEB19DINGEN-GEN1,0.12,,2096.0
KXNBABLK-26FEB22BOSLAL-LALDAYTON5-3,0.0,0.0,249.0
KXALEAGUETOTAL-26FEB22NUJMAC-2,0.01,3.0,5280.0
KXNBA1HTOTAL-26FEB19DENLAC-116,0.0,0.0,0.0
KXWTACHALLENGERMATCH-26FEB22GUOCHA-CHA,0.46,,149293.0
KXWTACHALLENGERMATCH-26FEB22CAKZOL-CAK,0.0,0.0,25539.0
KXWTACHALLENGERMATCH-26FEB20GOLQUE-QUE,0.2,,30843.0
KXNBAPTS-26FEB21HOUNYK-HOUATHOMPSON1-15,0.0,0.0,5162.0
KXUELSPREAD-26FEB19LUDFTC-FTC1,0.0,4.0,6345.0
KXNBA1HTOTAL-26FEB20INDWAS-118,0.0,0.0,41.0
KXNBA1HTOTAL-26FEB20INDWAS-124,0.0,0.0,0.0
KXALEAGUETOTAL-26FEB20WPHAUC-2,0.03,16.0,6442.0
KXNBA3D-26FEB21SACSAS-SACRWESTBROOK18,0.0,0.0,5207.0
KXNBA1HTOTAL-26FEB20MILNOP-112,0.01,0.0,0.0
KXNBA1HTOTAL-26FEB20MILNOP-106,0.0,0.0,0.0
KXWTACHALLENGERMATCH-26FEB19LAZLEO-LAZ,0.04,0.0,143483.0
KXNBABLK-26FEB22NYKCHI-NYKKTOWNS32-1,0.0,0.0,0.0
KXWOMHOCKEYTOTAL-26FEB17CHEITA-4,0.01,0.0,1556.0
KXNBA1HTOTAL-26FEB20BKNOKC-115,0.0,0.0,0.0
KXNBABLK-26FEB20DENPOR-PORDCLINGAN23-2,0.0,0.0,0.0
KXNBA1HTOTAL-26FEB21HOUNYK-114,0.0,0.0,0.0
KXNBA1HTOTAL-26FEB19ATLPHI-114,0.0,0.0,100.0
KXNBAPTS-26FEB22BOSLAL-LALLDONCIC77-30,0.0,23.0,37789.0
KXWTACHALLENGERMATCH-26FEB17LEOSER-SER,0.31,,57197.0
KXNBA2D-26FEB20BKNOKC-OKCIHARTENSTEIN55,0.0,1.0,256.0
KXWTACHALLENGERMATCH-26FEB17HEWOSU-OSU,0.67,,24320.0
KXWTACHALLENGERMATCH-26FEB22SALLAZ-SAL,0.65,,20352.0
KXNBA1HTOTAL-26FEB22BOSLAL-112,0.0,0.0,524.0
KXNBA1HTOTAL-26FEB22BOSLAL-106,0.01,0.0,3581.0
KXNBABLK-26FEB22PORPHX-PORDCLINGAN23-1,0.0,0.0,0.0
KXNBA1HTOTAL-26FEB20BKNOKC-118,0.0,0.0,0.0
KXNBABLK-26FEB21HOUNYK-HOUATHOMPSON1-2,0.0,0.0,0.0
KXWTACHALLENGERMATCH-26FEB19JOKGUO-GUO,0.21,,2641.0
KXWOMHOCKEYTOTAL-26FEB17CHEITA-9,0.01,0.0,20.0
KXNBAPTS-26FEB21HOUNYK-NYKKTOWNS32-20,0.0,0.0,7833.0
KXNBA1HTOTAL-26FEB22PORPHX-121,0.0,0.0,267.0
KXNBA2D-26FEB20MIAATL-ATLJJOHNSON1,0.54,,142.0
KXNBA1HTOTAL-26FEB20INDWAS-115,0.0,0.0,0.0
KXWOMHOCKEY-26FEB18USASWE-SWE,0.15,,630110.0
KXNBA1HTOTAL-26FEB22PORPHX-109,0.0,0.0,0.0
KXSCOTTISHPREMGAME-26FEB21MIRMOT-MOT,0.08,,14565.0
KXALEAGUETOTAL-26FEB21MELVIC-2,0.01,0.0,20310.0
KXNBA1HTOTAL-26FEB19BOSGSW-100,0.01,0.0,5.0
KXWOMHOCKEY-26FEB17CHEITA-CHE,0.88,,43833.0
KXNBA2D-26FEB19ATLPHI-ATLDDANIELS5,0.0,0.0,1596.0
KXWTACHALLENGERMATCH-26FEB17BROLAZ-LAZ,0.25,,60897.0
KXNBA1HTOTAL-26FEB21ORLPHX-106,0.0,0.0,2074.0
KXPGATOP20-THGI26-JVEG,0.0,0.0,5774.0
KXALEAGUETOTAL-26FEB22CCMWES-1,0.01,4.0,1636.0
KXNBA1HTOTAL-26FEB21ORLPHX-112,0.0,0.0,6468.0
KXNBA2D-26FEB19BOSGSW-BOSPPRITCHARD11,0.0,0.0,1272.0
KXNBABLK-26FEB20LACLAL-LACBLOPEZ11-1,0.0,0.0,539.0
KXNBA2D-26FEB19HOUCHA-CHALBALL1,0.0,0.0,810.0
KXWTACHALLENGERMATCH-26FEB18TOMLIA-TOM,0.28,,285752.0
KXNBAPTS-26FEB20UTAMEM-UTAABAILEY19-15,0.0,0.0,3826.0
KXBBLGAME-26FEB171400TOWALBA-ALBA,0.0,0.0,308547.0
KXNBA2D-26FEB19ATLPHI-PHIKOUBRE9,0.0,1.0,388.0
KXNBA2D-26FEB20INDWAS-INDJWALKER5,0.0,2.0,1140.0
KXNBA2D-26FEB19PHXSAS-SASSCASTLE5,0.0,0.0,534.0
KXNBA1HTOTAL-26FEB22TORMIL-108,0.0,0.0,1233.0
KXPGATOP20-THGI26-RFOX,0.0,0.0,14674.0
KXNBA3D-26FEB19HOUCHA-CHAKKNUEPPEL7,0.0,0.0,45.0
KXNBA1HTOTAL-26FEB22TORMIL-120,0.0,0.0,0.0
KXNBA1HTOTAL-26FEB20DALMIN-117,0.0,0.0,22.0
KXNBA2D-26FEB20DALMIN-MINRGOBERT27,0.01,0.0,1855.0
KXWTACHALLENGERMATCH-26FEB19KALHOS-KAL,0.04,0.0,27777.0
KXNBA3D-26FEB22CHAWAS-CHALBALL1,0.0,0.0,6218.0
KXSAUDIPLTOTAL-26FEB20ALTFAY-2,0.01,0.0,4401.0
KXNBAPTS-26FEB22BOSLAL-BOSPPRITCHARD11-25,0.0,0.0,3785.0
KXNBABLK-26FEB21HOUNYK-HOUKDURANT7-1,0.0,0.0,0.0
KXNBA1HTOTAL-26FEB19INDWAS-114,0.0,0.0,0.0
KXBBLGAME-26FEB171400TOWALBA-TOW,0.01,0.0,555934.0
KXWTACHALLENGERMATCH-26FEB20SNIKRA-KRA,0.08,,38814.0
KXBBLGAME-26FEB181230WURBLB-WUR,0.01,0.0,60637.0
KXNBA3D-26FEB20LACLAL-LALLDONCIC77,0.01,0.0,8064.0
KXNBA1HTOTAL-26FEB19TORCHI-111,0.0,0.0,0.0
KXUELSPREAD-26FEB19CELVFB-VFB2,0.12,,3481.0
KXNBA3D-26FEB20DENPOR-DENNJOKIC15,0.0,0.0,2897.0
KXNBA1HTOTAL-26FEB19TORCHI-105,0.0,0.0,64.0
KXNBA1HTOTAL-26FEB22CHAWAS-123,0.0,0.0,1025.0
KXDENSUPERLIGAGAME-26FEB22AGFVIB-AGF,0.02,0.0,16838.0
KXNBA1HTOTAL-26FEB19BOSGSW-115,0.0,0.0,149.0
KXNBABLK-26FEB21HOUNYK-HOUASENGUN28-1,0.0,0.0,10.0
KXNBA2D-26FEB22CLEOKC-CLEEMOBLEY4,0.0,12.0,1444.0
KXUFCFIGHT-26FEB21BRASOR-SOR,0.36,,38710.0
KXNBA2D-26FEB21DETCHI-DETATHOMPSON9,0.0,0.0,739.0
KXPGATOP20-THGI26-TFIN,0.0,0.0,66545.0
KXNBA1HTOTAL-26FEB21MEMMIA-123,0.01,0.0,909.0
KXALEAGUETOTAL-26FEB21MELVIC-3,0.01,0.0,6676.0
KXNBABLK-26FEB19DETNYK-NYKOANUNOBY8-1,0.0,0.0,36.0
KXNBA1HTOTAL-26FEB20INDWAS-100,0.01,0.0,0.0
KXBBLGAME-26FEB181400HEICHE-HEI,0.01,0.0,188844.0
KXNBAPTS-26FEB19HOUCHA-HOUKDURANT7-20,0.0,0.0,4300.0
KXWOMHOCKEYTOTAL-26FEB17CHEITA-8,0.01,0.0,20.0
KXNBABLK-26FEB21HOUNYK-HOUATHOMPSON1-3,0.0,0.0,58.0
KXUELSPREAD-26FEB19CELVFB-CEL2,0.0,0.0,1211.0
KXATPSETWINNER-26FEB20TIRTAB-2-TAB,0.0,0.0,0.0
KXNBA3D-26FEB20MIAATL-MIABADEBAYO13,0.0,0.0,0.0
KXUFCFIGHT-26FEB21CORGUR-GUR,0.21,,48064.0
KXNBA2D-26FEB22BOSLAL-BOSJBROWN7,0.0,0.0,8612.0
KXNBA3D-26FEB19DENLAC-DENNJOKIC15,0.0,0.0,9106.0
KXNBA2D-26FEB20DENPOR-DENJMURRAY27,0.0,0.0,574.0
KXNBA2D-26FEB19BKNCLE-BKNMPORTER17,0.0,3.0,16.0
KXNBA1HTOTAL-26FEB19ATLPHI-126,0.0,0.0,1715.0
KXNBA2D-26FEB22PORPHX-PHXJGREEN4,0.0,0.0,250.0
KXNBA1HTOTAL-26FEB19ATLPHI-132,0.0,0.0,0.0
KXNBABLK-26FEB22PORPHX-PORDCLINGAN23-2,0.0,0.0,0.0
KXNBAPTS-26FEB19ATLPHI-ATLJJOHNSON1-35,0.0,0.0,10627.0
KXNBA3D-26FEB20DALMIN-MINAEDWARDS5,0.0,0.0,1132.0
KXWTACHALLENGERMATCH-26FEB22RISAST-AST,0.04,0.0,9381.0
KXNBA1HTOTAL-26FEB21DETCHI-119,0.0,0.0,0.0
KXBBLGAME-26FEB181230OLDULM-OLD,0.0,0.0,24365.0
KXWTACHALLENGERMATCH-26FEB18MARDOD-MAR,0.09,,214203.0
KXNBA2D-26FEB21ORLPHX-PHXJGREEN4,0.0,0.0,584.0
KXNBA1HTOTAL-26FEB21DETCHI-125,0.0,0.0,0.0
KXWTACHALLENGERMATCH-26FEB21KORSAL-SAL,0.23,,140570.0
KXNBA1HTOTAL-26FEB21DETCHI-131,0.0,0.0,0.0
KXNBABLK-26FEB21HOUNYK-HOUATHOMPSON1-1,0.0,0.0,328.0
KXNBA2D-26FEB19DETNYK-NYKJBRUNSON11,0.0,0.0,2557.0
KXWTACHALLENGERMATCH-26FEB20CHAHIB-HIB,0.2,,93719.0
KXNBA2D-26FEB22BKNATL-ATLOOKONGWU17,0.0,16.0,431.0
KXNBABLK-26FEB19DETNYK-NYKOANUNOBY8-3,0.0,0.0,302.0
KXALEAGUETOTAL-26FEB21MELVIC-1,0.01,0.0,1859.0
KXNBA2D-26FEB22ORLLAC-LACBMATHURIN9,0.0,9.0,3107.0
KXNBA1HTOTAL-26FEB21MEMMIA-135,0.0,0.0,0.0
KXNBABLK-26FEB21HOUNYK-HOUASENGUN28-3,0.0,0.0,300.0
KXNBA1HTOTAL-26FEB19BOSGSW-103,0.0,0.0,111.0
KXWTACHALLENGERMATCH-26FEB22CAKZOL-ZOL,0.04,0.0,11931.0
KXKBLGAME-26FEB180000WONANY-ANY,0.52,,57337.0
KXNBA2D-26FEB19ATLPHI-ATLOOKONGWU17,0.0,3.0,115.0
KXWTACHALLENGERMATCH-26FEB18ROSBAR-ROS,0.01,13.0,128746.0
KXALEAGUETOTAL-26FEB22CCMWES-2,0.01,3.0,7975.0
KXDENSUPERLIGAGAME-26FEB22AGFVIB-VIB,0.0,0.0,5646.0
KXNBABLK-26FEB20LACLAL-LACBLOPEZ11-2,0.0,0.0,0.0
KXNBA2D-26FEB22CLEOKC-CLEJHARDEN1,0.01,18.0,2565.0
KXNBA2D-26FEB20MIAATL-MIANPOWELL24,0.0,0.0,0.0
KXSCOTTISHPREMGAME-26FEB22CELHIB-TIE,0.0,0.0,61315.0
KXNBA1HTOTAL-26FEB20DALMIN-129,0.0,0.0,375.0
KXNBA1HTOTAL-26FEB19INDWAS-102,0.01,0.0,224.0
KXNBA1HTOTAL-26FEB20UTAMEM-125,0.0,0.0,0.0
KXNBABLK-26FEB21HOUNYK-HOUKDURANT7-3,0.0,0.0,0.0
KXWTACHALLENGERMATCH-26FEB21FERLAZ-LAZ,0.23,,158901.0
KXNBA1HTOTAL-26FEB20UTAMEM-119,0.01,0.0,415.0
KXWTACHALLENGERMATCH-26FEB22RISAST-RIS,0.04,0.0,32255.0
KXWTACHALLENGERMATCH-26FEB20SEBSTO-STO,0.61,,190963.0
KXWOMHOCKEY-26FEB17SWELVA-SWE,0.85,,124871.0
KXSCOTTISHPREMGAME-26FEB04DUNMOT-MOT,0.23,,28129.0
KXWTACHALLENGERMATCH-26FEB17LEOSER-LEO,0.44,,71919.0
KXUFCFIGHT-26FEB21SPIDEL-SPI,0.07,,935419.0
KXNBA2D-26FEB20DENPOR-PORDAVDIJA8,0.01,0.0,2048.0
KXUFCFIGHT-26FEB21MILJUD-MIL,0.07,,191041.0
KXNBA1HTOTAL-26FEB19ORLSAC-111,0.0,0.0,0.0
KXWTACHALLENGERMATCH-26FEB17SORKOS-SOR,0.39,,459806.0
KXNBA1HTOTAL-26FEB19ORLSAC-105,0.0,0.0,42.0
KXNBAPTS-26FEB21HOUNYK-NYKJBRUNSON11-25,0.0,0.0,5329.0
KXNBA2D-26FEB22TORMIL-MILKPORTER7,0.0,0.0,1161.0
KXPGATOP20-THGI26-MSCH,0.0,0.0,5869.0
KXWTACHALLENGERMATCH-26FEB18GOLCRA-CRA,0.13,,191994.0
KXNBA1HTOTAL-26FEB20DALMIN-114,0.0,0.0,0.0
KXNBAPTS-26FEB21ORLPHX-ORLDBANE3-20,0.02,0.0,9058.0
KXKBLGAME-26FEB190500KNIDAE-KNI,0.0,0.0,110183.0
KXNBABLK-26FEB21HOUNYK-HOUKDURANT7-2,0.0,0.0,0.0
KXNBA1HTOTAL-26FEB22CLEOKC-106,0.0,0.0,139.0
KXNBA1HTOTAL-26FEB19INDWAS-117,0.0,0.0,0.0
KXNBA2D-26FEB22CLEOKC-OKCLDORT5,0.0,0.0,15.0
KXNBA1HTOTAL-26FEB22CLEOKC-112,0.0,0.0,127.0
KXNBABLK-26FEB20LACLAL-LACBLOPEZ11-3,0.0,0.0,600.0
KXUFCFIGHT-26FEB21MILJUD-JUD,0.62,,60041.0
KXNBA2D-26FEB22NYKCHI-CHIMBUZELIS14,0.0,0.0,475.0
KXNBA1HTOTAL-26FEB22CHAWAS-120,0.0,0.0,413.0
KXUELSPREAD-26FEB19CELVFB-VFB1,0.27,,12142.0
KXSCOTTISHPREMGAME-26FEB21ABEDUN-ABE,0.0,47.0,20783.0
KXALEAGUETOTAL-26FEB22CCMWES-3,0.01,4.0,2847.0
KXNBA1HTOTAL-26FEB19DENLAC-119,0.0,0.0,0.0
KXNBA2D-26FEB22BOSLAL-LALDAYTON5,0.0,1.0,637.0
KXPGATOP20-THGI26-WKIM,0.0,0.0,29695.0
KXWOWHOCKEY-26FEB19CHESWE-CHE,0.25,,88403.0
KXWTACHALLENGERMATCH-26FEB18BOLLEE-BOL,0.1,,133429.0
KXNBA1HTOTAL-26FEB22CHAWAS-108,0.0,0.0,2699.0
KXWTACHALLENGERMATCH-26FEB17YANMLA-YAN,0.17,,520592.0
KXPGATOP20-THGI26-HHAL,0.0,0.0,1802.0
KXNBA2D-26FEB20LACLAL-LALAREAVES15,0.0,0.0,18716.0
KXWTACHALLENGERMATCH-26FEB19LEEVID-LEE,0.0,3.0,124496.0
KXNBABLK-26FEB21HOUNYK-HOUASENGUN28-2,0.0,0.0,0.0
KXWTACHALLENGERMATCH-26FEB18VOLLAM-VOL,0.07,,12724.0
KXNBA1HTOTAL-26FEB20MILNOP-121,0.0,0.0,0.0
KXNBA1HTOTAL-26FEB20INDWAS-103,0.0,0.0,0.0
KXNBABLK-26FEB19DETNYK-NYKOANUNOBY8-2,0.0,0.0,1.0
KXNBA1HTOTAL-26FEB21MEMMIA-120,0.0,0.0,5.0
KXWOMHOCKEYTOTAL-26FEB18SVKDEU-3,0.01,0.0,4750.0
KXPGATOP20-THGI26-NECH,0.0,0.0,6481.0
KXWTACHALLENGERMATCH-26FEB17YUAKOE-YUA,0.05,,117239.0
KXNBA2D-26FEB21MEMMIA-MIAAWIGGINS22,0.0,11.0,1139.0
KXNBA2D-26FEB20DENPOR-PORDCLINGAN23,0.0,1.0,453.0
KXNBA1HTOTAL-26FEB20MILNOP-109,0.01,0.0,0.0
KXNBAPTS-26FEB22CLEOKC-CLEEMOBLEY4-15,0.0,0.0,4386.0
KXUELSPREAD-26FEB19CELVFB-CEL1,0.0,3.0,6953.0
KXNBA2D-26FEB21MEMMIA-MIAKWARE7,0.0,0.0,302.0
KXNBABLK-26FEB22PORPHX-PORDCLINGAN23-3,0.0,0.0,300.0
KXNBA2D-26FEB19HOUCHA-HOUASENGUN28,0.0,0.0,2525.0
KXWTACHALLENGERMATCH-26FEB18SEBCRO-SEB,0.42,,37213.0
KXNBA2D-26FEB19DENLAC-LACBMATHURIN9,0.0,0.0,792.0
KXNBA1HTOTAL-26FEB19ATLPHI-123,0.0,0.0,1823.0
KXPGATOP20-THGI26-MKIM,0.0,0.0,1534.0
KXNBAPTS-26FEB19BOSGSW-BOSJBROWN7-30,0.0,0.0,5573.0
KXSCOTTISHPREMGAME-26FEB22LIVRFC-LIV,0.0,0.0,277402.0
KXNBA2D-26FEB19TORCHI-TORRBARRETT9,0.0,3.0,98.0
KXNBABLK-26FEB19INDWAS-WASKGEORGE18-3,0.0,0.0,0.0
KXWTACHALLENGERMATCH-26FEB18KORRAD-KOR,0.55,,132600.0
KXWOMHOCKEYTOTAL-26FEB18SVKDEU-7,0.01,0.0,1487.0
KXNBABLK-26FEB19ORLSAC-ORLPBANCHERO5-3,0.0,0.0,5.0
KXPGATOP20-THGI26-BCAU,0.0,0.0,5923.0
KXALEAGUETOTAL-26FEB21MELVIC-4,0.01,0.0,4567.0
KXWTACHALLENGERMATCH-26FEB17GUOCHI-GUO,0.33,,406232.0
KXWTACHALLENGERMATCH-26FEB17CHASHI-SHI,0.12,,12997.0
KXPGATOP20-THGI26-MPEN,0.0,0.0,22041.0
KXNBABLK-26FEB20UTAMEM-UTALMARKKANEN23-1,0.0,0.0,0.0
KXNBA1HTOTAL-26FEB22PORPHX-127,0.0,0.0,2982.0
KXNBABLK-26FEB21PHINOP-NOPZWILLIAMSON1-3,0.0,0.0,0.0
KXNBAPTS-26FEB20MIAATL-MIABADEBAYO13-20,0.0,0.0,6037.0
KXNBA2D-26FEB21HOUNYK-NYKMROBINSON23,0.0,0.0,172.0
KXNBA2D-26FEB19HOUCHA-CHABMILLER24,0.0,0.0,259.0
KXNBA1HTOTAL-26FEB19BOSGSW-112,0.0,0.0,345.0
KXWTACHALLENGERMATCH-26FEB17BURTAN-BUR,0.04,12.0,12710.0
KXNBA2D-26FEB22BKNATL-BKNMPORTER17,0.0,17.0,806.0
KXNBA1HTOTAL-26FEB19BOSGSW-106,0.0,0.0,117.0
KXNBABLK-26FEB21HOUNYK-NYKMBRIDGES25-1,0.0,0.0,0.0
KXNBA1HTOTAL-26FEB21ORLPHX-100,0.0,0.0,20.0
KXNBA1HTOTAL-26FEB19TORCHI-102,0.0,0.0,475.0
KXWTACHALLENGERMATCH-26FEB17AVAVOL-AVA,0.42,,151729.0
KXNBABLK-26FEB19DENLAC-DENNJOKIC15-1,0.0,23.0,10.0
KXBBLGAME-26FEB181400RASTBB-TBB,0.01,0.0,69947.0
KXNBAPTS-26FEB19HOUCHA-HOUASENGUN28-20,0.0,0.0,11658.0
KXNBA2D-26FEB22PHIMIN-PHITMAXEY0,0.0,20.0,188.0
KXNBABLK-26FEB22DENGSW-DENNJOKIC15-1,0.0,0.0,305.0
KXNBABLK-26FEB22BOSLAL-LALLJAMES23-2,0.0,0.0,122.0
KXNBA3D-26FEB19DETNYK-NYKJHART3,0.0,0.0,12271.0
KXWOMHOCKEYTOTAL-26FEB18FINCHE-9,0.01,0.0,2210.0
KXNBABLK-26FEB19BOSGSW-BOSNVUCEVIC4-2,0.0,0.0,0.0
KXNBAPTS-26FEB19PHXSAS-SASDHARPER2-10,0.0,19.0,4553.0
KXNBAPTS-26FEB21ORLPHX-ORLDBANE3-30,0.0,0.0,6770.0
KXNBA2D-26FEB19PHXSAS-SASVWEMBANYAMA1,0.01,0.0,456.0
KXDENSUPERLIGAGAME-26FEB23BROSON-BRO,0.0,67.0,74377.0
KXNBA2D-26FEB19ATLPHI-PHIVEDGECOMBE77,0.0,0.0,694.0
KXNBAPTS-26FEB20CLECHA-CLEJHARDEN1-20,0.0,0.0,4313.0
KXNBAPTS-26FEB21PHINOP-NOPDQUEEN22-10,0.0,0.0,7696.0
KXNBABLK-26FEB22NYKCHI-NYKJHART3-1,0.0,0.0,300.0
KXNBA1HTOTAL-26FEB19ORLSAC-129,0.0,0.0,0.0
KXDENSUPERLIGAGAME-26FEB22AGFVIB-TIE,0.0,0.0,5912.0
KXBBLGAME-26FEB191300MBCLUD-LUD,0.02,0.0,122719.0
KXNBA1HTOTAL-26FEB22TORMIL-99,0.0,0.0,369.0
KXNBA1HTOTAL-26FEB19ORLSAC-114,0.0,0.0,569.0
KXNBA1HTOTAL-26FEB22CLEOKC-103,0.0,0.0,0.0
KXNBA2D-26FEB22BOSLAL-BOSNVUCEVIC4,0.0,0.0,2576.0
KXNBABLK-26FEB19BOSGSW-BOSNVUCEVIC4-3,0.0,0.0,0.0
KXWOMHOCKEYTOTAL-26FEB18FINCHE-8,0.01,0.0,812.0
KXNBA1HTOTAL-26FEB20DALMIN-111,0.01,0.0,0.0
KXNBA2D-26FEB20MIAATL-MIAAWIGGINS22,0.0,0.0,499.0
KXNBABLK-26FEB22BOSLAL-LALLJAMES23-3,0.0,0.0,0.0
KXWTACHALLENGERMATCH-26FEB22GOLSNI-GOL,0.07,,112061.0
KXPGATOP20-THGI26-NTAY,0.0,0.0,6676.0
KXNBA1HTOTAL-26FEB19TORCHI-117,0.0,0.0,0.0
KXNBA1HTOTAL-26FEB21ORLPHX-115,0.0,0.0,0.0
KXEPLBTTS-26FEB21AVLLEE,0.0,0.0,13957.0
KXNBAPTS-26FEB22NYKCHI-NYKJBRUNSON11-25,0.0,0.0,13445.0
KXNBA3D-26FEB19ATLPHI-ATLJJOHNSON1,0.0,0.0,4654.0
KXNBA3D-26FEB21HOUNYK-HOUASENGUN28,0.0,0.0,2669.0
KXNBABLK-26FEB21PHINOP-NOPZWILLIAMSON1-2,0.0,0.0,0.0
KXNBA1HTOTAL-26FEB20MILNOP-118,0.01,0.0,0.0
KXWTACHALLENGERMATCH-26FEB21CHAVID-VID,0.0,15.0,238338.0
KXNBA2D-26FEB22BKNATL-ATLNALEXANDERWALKER7,0.0,0.0,249.0
KXNBA1HTOTAL-26FEB20INDWAS-112,0.0,0.0,1894.0
KXWOMHOCKEY-26FEB17DEUFRA-FRA,0.0,32.0,23104.0
KXNBA1HTOTAL-26FEB20MILNOP-124,0.0,0.0,237.0
KXNBABLK-26FEB19ORLSAC-ORLPBANCHERO5-2,0.0,0.0,357.0
KXWOMHOCKEYTOTAL-26FEB18SVKDEU-6,0.01,0.0,2467.0
KXNBA1HTOTAL-26FEB20INDWAS-106,0.01,0.0,70.0
KXWTACHALLENGERMATCH-26FEB17MINROS-ROS,0.09,,264516.0
KXWOMHOCKEY-26FEB17SWELVA-LVA,0.0,41.0,107098.0
KXNBAPTS-26FEB19ATLPHI-PHITMAXEY0-30,0.0,0.0,8350.0
KXATPSETWINNER-26FEB20BUSBER-2-BUS,0.0,0.0,22.0
KXNBABLK-26FEB19INDWAS-WASKGEORGE18-2,0.0,0.0,14.0
KXNBAPTS-26FEB22CLEOKC-CLEEMOBLEY4-10,0.0,0.0,6997.0
KXNBA2D-26FEB22NYKCHI-NYKJHART3,0.0,0.0,2184.0
KXNBA1HTOTAL-26FEB22BOSLAL-115,0.0,0.0,522.0
KXNBAPTS-26FEB19BOSGSW-BOSJBROWN7-25,0.0,0.0,8622.0
KXNBA2D-26FEB22BOSLAL-BOSPPRITCHARD11,0.0,0.0,1855.0
KXATPSETWINNER-26FEB20FRIPAU-1-FRI,0.0,0.0,1098.0
KXWTACHALLENGERMATCH-26FEB23RISIBR-IBR,0.04,0.0,24872.0
KXUELSPREAD-26FEB19PAOKRCC-PAOK2,0.0,0.0,10.0
KXWTACHALLENGERMATCH-26FEB20SNIKRA-SNI,0.7,,29867.0
KXNBA1HTOTAL-26FEB21HOUNYK-108,0.0,0.0,32.0
KXNBA2D-26FEB22BOSLAL-LALLJAMES23,0.0,21.0,15678.0
KXPGATOP20-THGI26-ASCO,0.0,0.0,24428.0
KXPGATOP20-THGI26-KYU,0.0,0.0,1414.0
KXNBA1HTOTAL-26FEB19ATLPHI-120,0.0,0.0,319.0
KXWOMHOCKEY-26FEB18FINCHE-CHE,0.29,,138619.0
KXWTACHALLENGERMATCH-26FEB20TOMLAM-LAM,0.6,,98846.0
KXNBA1HTOTAL-26FEB20BKNOKC-121,0.0,0.0,0.0
KXNBA1HTOTAL-26FEB20BKNOKC-109,0.0,0.0,0.0
KXUFCFIGHT-26FEB21NJOMIR-MIR,0.17,,254132.0
KXDENSUPERLIGAGAME-26FEB22SILFCM-SIL,0.0,0.0,5867.0
KXNBA1HTOTAL-26FEB22PORPHX-118,0.0,0.0,9.0
KXKBLGAME-26FEB180230SAKEGI-SAK,0.61,,178528.0
KXWOMHOCKEYTOTAL-26FEB18SVKDEU-4,0.01,0.0,930.0
KXNBA1HTOTAL-26FEB22PORPHX-124,0.0,0.0,2686.0
KXNBABLK-26FEB20UTAMEM-UTALMARKKANEN23-2,0.0,0.0,0.0
KXWTACHALLENGERMATCH-26FEB17SEMBOL-BOL,0.25,,17484.0
KXNBA3D-26FEB19DETNYK-DETCCUNNINGHAM2,0.0,0.0,8405.0
KXNBA3D-26FEB21ORLPHX-ORLPBANCHERO5,0.0,0.0,6584.0
KXNBA2D-26FEB20INDWAS-WASKGEORGE18,0.01,0.0,74.0
KXNBA2D-26FEB20CLECHA-CHABMILLER24,0.0,0.0,222.0
KXNBA2D-26FEB20CLECHA-CLEJALLEN31,0.01,0.0,3530.0
KXNBA1HTOTAL-26FEB21ORLPHX-103,0.0,0.0,1586.0
KXNBA2D-26FEB21DETCHI-DETCCUNNINGHAM2,0.42,,1029.0
KXNBABLK-26FEB21HOUNYK-NYKMBRIDGES25-2,0.0,0.0,0.0
KXALEAGUETOTAL-26FEB22CCMWES-4,0.01,5.0,6928.0
KXNBABLK-26FEB19DENLAC-DENNJOKIC15-2,0.0,0.0,26.0
KXNBAPTS-26FEB19PHXSAS-PHXDBOOKER1-25,0.0,0.0,5224.0
KXNBA1HTOTAL-26FEB19DENLAC-122,0.0,0.0,0.0
KXNBA2D-26FEB21PHINOP-NOPZWILLIAMSON1,0.0,15.0,979.0
KXNBABLK-26FEB22DENGSW-DENNJOKIC15-2,0.0,0.0,457.0
KXWTACHALLENGERMATCH-26FEB18ANSHIB-ANS,0.05,,49705.0
KXNBA2D-26FEB20LACLAL-LACKLEONARD2,0.0,0.0,2470.0
KXNBA2D-26FEB19PHXSAS-PHXJGREEN4,0.0,0.0,0.0
KXNBABLK-26FEB22BOSLAL-LALLJAMES23-1,0.0,0.0,516.0
KXNBAPTS-26FEB21ORLPHX-ORLPBANCHERO5-20,0.0,0.0,11945.0
KXNBABLK-26FEB19BOSGSW-BOSNVUCEVIC4-1,0.0,0.0,330.0
KXNBA2D-26FEB20DALMIN-MINJRANDLE30,0.0,0.0,949.0
KXNBA1HTOTAL-26FEB22CLEOKC-115,0.0,0.0,3363.0
KXNBA2D-26FEB21SACSAS-SACDDEROZAN10,0.0,0.0,0.0
KXWTACHALLENGERMATCH-26FEB17JORKLI-JOR,0.37,,32251.0
KXNBABLK-26FEB22NYKCHI-NYKJHART3-2,0.0,0.0,0.0
KXNBABLK-26FEB22NYKCHI-NYKJHART3-3,0.0,0.0,0.0
KXNBA2D-26FEB19BKNCLE-CLEJALLEN31,0.0,3.0,514.0
KXNBA2D-26FEB22CLEOKC-CLEDMITCHELL45,0.03,0.0,1248.0
KXNBAPTS-26FEB19BKNCLE-CLEDMITCHELL45-25,0.0,0.0,6566.0
KXNBA3D-26FEB21MEMMIA-MIABADEBAYO13,0.0,0.0,0.0
KXWTACHALLENGERMATCH-26FEB22CIRZAV-CIR,0.0,0.0,114193.0
KXNBA1HTOTAL-26FEB19ORLSAC-117,0.0,0.0,334.0
KXWTACHALLENGERMATCH-26FEB17AVAVOL-VOL,0.26,,158997.0
KXNBA1HTOTAL-26FEB19INDWAS-105,0.0,0.0,0.0
KXPGATOP20-THGI26-RHOE,0.0,0.0,4409.0
KXNBA1HTOTAL-26FEB22CLEOKC-100,0.0,0.0,0.0
KXNBA1HTOTAL-26FEB19INDWAS-111,0.0,0.0,0.0
KXNBA1HTOTAL-26FEB20UTAMEM-122,0.0,0.0,0.0
KXNBA3D-26FEB22DENGSW-GSWDGREEN23,0.0,0.0,0.0
KXNBAPTS-26FEB22BOSLAL-BOSPPRITCHARD11-20,0.0,0.0,5859.0
KXDENSUPERLIGAGAME-26FEB20NJAVEJ-VEJ,0.0,62.0,240136.0
KXNBA2D-26FEB22ORLLAC-ORLPBANCHERO5,0.0,18.0,8148.0
KXNBA1HTOTAL-26FEB19HOUCHA-99,0.0,0.0,0.0
KXSAUDIPLTOTAL-26FEB23FATAKHC-2,0.01,0.0,10240.0
KXNBABLK-26FEB22DENGSW-DENNJOKIC15-3,0.0,0.0,0.0
KXNBA2D-26FEB19BOSGSW-BOSJBROWN7,0.0,0.0,1825.0
KXNBABLK-26FEB19DENLAC-DENNJOKIC15-3,0.0,0.0,1.0
KXPGATOP20-THGI26-MHOM,0.0,0.0,48752.0
KXSCOTTISHPREMGAME-26FEB22CELHIB-CEL,0.0,0.0,81700.0
KXNBABLK-26FEB21HOUNYK-NYKMBRIDGES25-3,0.0,0.0,0.0
KXNBA1HTOTAL-26FEB19TORCHI-114,0.0,0.0,2616.0
KXNBA2D-26FEB21SACSAS-SASVWEMBANYAMA1,0.56,,1711.0
KXLIGUE1BTTS-26FEB22RCSOL,0.0,41.0,6345.0
KXUFCFIGHT-26FEB21COREDW-EDW,0.03,17.0,221373.0
KXNBABLK-26FEB21PHINOP-NOPZWILLIAMSON1-1,0.0,0.0,20.0
KXNBA2D-26FEB22NYKCHI-CHIJGIDDEY3,0.0,0.0,3931.0
KXNBABLK-26FEB20UTAMEM-UTALMARKKANEN23-3,0.0,0.0,0.0
KXKBLGAME-26FEB170000SONDAE-DAE,0.02,0.0,330083.0
KXNBA1HTOTAL-26FEB21MEMMIA-126,0.0,0.0,0.0
KXNBABLK-26FEB19ORLSAC-ORLPBANCHERO5-1,0.0,0.0,318.0
KXWOMHOCKEYTOTAL-26FEB18SVKDEU-5,0.26,,25088.0
KXNBA1HTOTAL-26FEB21MEMMIA-132,0.0,0.0,0.0
KXNBA1HTOTAL-26FEB20MILNOP-127,0.0,0.0,0.0
KXNBAPTS-26FEB22NYKCHI-NYKKTOWNS32-20,0.45,,4329.0
KXNBAPTS-26FEB22ORLLAC-LACBLOPEZ11-15,0.0,0.0,8561.0
KXNBABLK-26FEB19INDWAS-WASKGEORGE18-1,0.0,0.0,0.0
KXPGATOP20-COCITPB26-ASCO,0.0,0.0,5210.0
KXNBA1HTOTAL-26FEB21DETCHI-122,0.0,0.0,82.0
KXNBA2D-26FEB21HOUNYK-NYKOANUNOBY8,0.0,0.0,2920.0
KXNBA2D-26FEB19DETNYK-NYKMBRIDGES25,0.0,0.0,3.0
KXNBA2D-26FEB19ORLSAC-ORLJSUGGS4,0.0,3.0,116.0
KXNBA2D-26FEB22NYKCHI-NYKKTOWNS32,0.0,0.0,412.0
KXNBA1HTOTAL-26FEB19ATLPHI-135,0.0,0.0,0.0
KXNBA2D-26FEB20MIAATL-MIAKWARE7,0.0,0.0,42.0
KXUELSPREAD-26FEB19PAOKRCC-PAOK1,0.0,1.0,362.0
KXSCOTTISHPREMGAME-26FEB21DUUKIL-TIE,0.02,18.0,8993.0
KXNBA2D-26FEB20DENPOR-DENNJOKIC15,0.0,0.0,467.0
KXNBA3D-26FEB22CHAWAS-CHAKKNUEPPEL7,0.0,0.0,20.0
KXNBA2D-26FEB20DENPOR-PORJHOLIDAY5,0.0,0.0,260.0
KXNBA2D-26FEB21PHINOP-PHIVEDGECOMBE77,0.0,0.0,1331.0
KXWTACHALLENGERMATCH-26FEB18SAWVID-SAW,0.01,9.0,49867.0
KXUELSPREAD-26FEB19LILCZV-CZV2,0.0,0.0,488.0
KXWOMHOCKEYTOTAL-26FEB17SWELVA-8,0.0,0.0,0.0
KXNBA1HTOTAL-26FEB19BKNCLE-113,0.0,0.0,0.0
KXNBA1HTOTAL-26FEB19BKNCLE-107,0.01,0.0,21.0
KXNBA2D-26FEB22TORMIL-TORRBARRETT9,0.0,12.0,57.0
KXNBABLK-26FEB22NYKCHI-NYKMBRIDGES25-3,0.0,0.0,0.0
KXWOMHOCKEYTOTAL-26FEB22USACAN-5,0.05,,262628.0
KXNBA2D-26FEB19DENLAC-DENNJOKIC15,0.01,0.0,511.0
KXNBAPTS-26FEB20LACLAL-LACBMATHURIN9-20,0.0,0.0,5650.0
KXALEAGUETOTAL-26FEB20ADUPER-4,0.03,27.0,5369.0
KXWTACHALLENGERMATCH-26FEB23SHYZAV-SHY,0.34,,89585.0
KXNBA2D-26FEB21ORLPHX-ORLJSUGGS4,0.01,0.0,440.0
KXPGATOP20-THGI26-JSPA,0.0,0.0,6855.0
KXWOMHOCKEYTOTAL-26FEB18CANCZE-5,0.01,0.0,31921.0
KXWOMHOCKEYTOTAL-26FEB20USASVK-9,0.01,0.0,5208.0
KXNBAPTS-26FEB21SACSAS-SASVWEMBANYAMA1-35,0.0,0.0,7507.0
KXNBA1HTOTAL-26FEB22DALIND-114,0.0,0.0,0.0
KXNBABLK-26FEB19BOSGSW-GSWAHORFORD20-2,0.0,0.0,310.0
KXNBABLK-26FEB22ORLLAC-LACBLOPEZ11-1,0.0,0.0,0.0
KXNBA2D-26FEB20LACLAL-LALDAYTON5,0.0,3.0,1618.0
KXBRASILEIROTOTAL-26FEB19CAPCOR-1,0.01,0.0,13804.0
KXNBA1HTOTAL-26FEB20MIAATL-126,0.0,0.0,1223.0
KXNBABLK-26FEB19BOSGSW-GSWDGREEN23-1,0.0,0.0,10.0
KXNBABLK-26FEB22ORLLAC-ORLPBANCHERO5-1,0.0,0.0,27.0
KXWTACHALLENGERMATCH-26FEB21KORSAL-KOR,0.42,,122712.0
KXNBA1HTOTAL-26FEB20MIAATL-132,0.0,0.0,2.0
KXNBAPTS-26FEB22BOSLAL-LALLJAMES23-15,0.0,0.0,4678.0
KXSAUDIPLTOTAL-26FEB19AASNAJ-3,0.03,33.0,11599.0
KXDENSUPERLIGAGAME-26FEB21OBKFCC-TIE,0.02,1.0,18120.0
KXNBABLK-26FEB19BOSGSW-GSWAHORFORD20-3,0.0,0.0,0.0
KXWTACHALLENGERMATCH-26FEB23TOTSPI-TOT,0.21,,16140.0
KXSCOTTISHPREMGAME-26FEB22CELHIB-HIB,0.02,0.0,65319.0
KXNBA1HTOTAL-26FEB22DALIND-129,0.0,0.0,0.0
KXWOMHOCKEYTOTAL-26FEB20USASVK-8,0.01,0.0,5137.0
KXWOMHOCKEYTOTAL-26FEB18CANCZE-4,0.1,,2938.0
KXNBAPTS-26FEB21SACSAS-SASVWEMBANYAMA1-20,0.0,0.0,6170.0
KXWTACHALLENGERMATCH-26FEB18ROSBAR-BAR,0.8,,73881.0
KXNBA1HTOTAL-26FEB22NYKCHI-111,0.0,0.0,991.0
KXNBA1HTOTAL-26FEB19DENLAC-98,0.0,1.0,546.0
KXUFCFIGHT-26FEB21SMIHAR-HAR,0.19,,84242.0
KXWOMHOCKEYTOTAL-26FEB22USACAN-4,0.01,0.0,91412.0
KXNBABLK-26FEB22NYKCHI-NYKMBRIDGES25-2,0.0,0.0,0.0
KXNBA1HTOTAL-26FEB22PHIMIN-132,0.0,0.0,0.0
KXNBAPTS-26FEB19DETNYK-DETCCUNNINGHAM2-25,0.0,0.0,14109.0
KXNBA1HTOTAL-26FEB22ORLLAC-108,0.0,0.0,1521.0
KXNBA1HTOTAL-26FEB22PHIMIN-126,0.0,0.0,313.0
KXNBA1HTOTAL-26FEB22ORLLAC-120,0.0,0.0,0.0
KXNBA2D-26FEB21SACSAS-SACKMURRAY13,0.0,0.0,469.0
KXWTACHALLENGERMATCH-26FEB21STOGUO-STO,0.25,,311504.0
KXNBABLK-26FEB21HOUNYK-NYKOANUNOBY8-1,0.0,0.0,0.0
KXEPLBTTS-26FEB22TOTARS,0.0,0.0,56174.0
KXNBA1HTOTAL-26FEB20LACLAL-103,0.0,0.0,0.0
KXNBA1HTOTAL-26FEB22BKNATL-110,0.0,0.0,0.0
KXNBA1HTOTAL-26FEB21PHINOP-128,0.0,0.0,0.0
KXNBAPTS-26FEB19ATLPHI-ATLOOKONGWU17-15,0.0,18.0,5726.0
KXNBA1HTOTAL-26FEB20DENPOR-116,0.0,0.0,2692.0
KXNBA2D-26FEB19ATLPHI-PHITMAXEY0,0.0,0.0,159.0
KXWTACHALLENGERMATCH-26FEB17LEELEA-LEA,0.04,0.0,78184.0
KXNBA1HTOTAL-26FEB19DETNYK-109,0.0,0.0,0.0
KXNBA1HTOTAL-26FEB19DETNYK-121,0.0,0.0,0.0
KXSAUDIPLTOTAL-26FEB23DAMAAS-2,0.01,0.0,14064.0
KXWOMHOCKEYTOTAL-26FEB17SWELVA-9,0.0,0.0,0.0
KXWTACHALLENGERMATCH-26FEB20LAZMAR-LAZ,0.7,,27584.0
KXWTACHALLENGERMATCH-26FEB18FREDAY-DAY,0.24,,265307.0
KXWOMHOCKEY-26FEB17CZEDNK-CZE,0.68,,234832.0
KXALEAGUETOTAL-26FEB21SYDBRR-1,0.01,0.0,5665.0
KXWTACHALLENGERMATCH-26FEB22IBRHER-IBR,0.09,,123108.0
KXPGATOP20-THGI26-SSCH,0.01,0.0,384689.0
KXNBA2D-26FEB20MIAATL-ATLNALEXANDERWALKER7,0.0,0.0,242.0
KXDENSUPERLIGAGAME-26FEB20NJAVEJ-NJA,0.0,62.0,255765.0
KXNBAPTS-26FEB20CLECHA-CLEDMITCHELL45-30,0.0,0.0,3550.0
KXNBAPTS-26FEB22BOSLAL-LALAREAVES15-20,0.0,0.0,9677.0
KXBBLGAME-26FEB181230BRBROS-BRB,0.01,0.0,353278.0
KXNBAPTS-26FEB20LACLAL-LALLDONCIC77-30,0.01,0.0,8056.0
KXALEAGUETOTAL-26FEB21SYDBRR-3,0.01,0.0,6790.0
KXWTACHALLENGERMATCH-26FEB18MARDOD-DOD,0.74,,128246.0
KXWTACHALLENGERMATCH-26FEB18COSLEW-LEW,0.01,12.0,12258.0
KXBBLGAME-26FEB171230SKYBAY-SKY,0.01,0.0,303391.0
KXNBA2D-26FEB20LACLAL-LACBMATHURIN9,0.0,0.0,543.0
KXNBA2D-26FEB21PHINOP-NOPHJONES2,0.0,0.0,50.0
KXNBA2D-26FEB20BKNOKC-BKNMPORTER17,0.0,0.0,193.0
KXNBA1HTOTAL-26FEB20DENPOR-128,0.0,0.0,303.0
KXUELSPREAD-26FEB19LILCZV-CZV1,0.0,1.0,2252.0
KXWOMHOCKEY-26FEB18CANCZE-CZE,0.06,,786640.0
KXPGATOP20-THGI26-CGOT,0.0,0.0,29736.0
KXNBA3D-26FEB20DENPOR-PORDAVDIJA8,0.0,0.0,9948.0
KXPGATOP20-THGI26-PCOO,0.01,0.0,39489.0
KXWTACHALLENGERMATCH-26FEB21LAMSNI-LAM,0.03,12.0,332820.0
KXNBA1HTOTAL-26FEB20LACLAL-115,0.0,0.0,1904.0
KXNBA1HTOTAL-26FEB21PHINOP-116,0.0,0.0,0.0
KXNBA1HTOTAL-26FEB19BKNCLE-110,0.0,0.0,0.0
KXWTACHALLENGERMATCH-26FEB19KALHOS-HOS,0.02,0.0,20799.0
KXNBA3D-26FEB22TORMIL-MILKPORTER7,0.0,0.0,1238.0
KXNBA2D-26FEB19PHXSAS-PHXMWILLIAMS15,0.0,3.0,286.0
KXUFCFIGHT-26FEB21COREDW-COR,0.03,18.0,162778.0
KXNBABLK-26FEB21HOUNYK-NYKOANUNOBY8-3,0.0,0.0,0.0
KXWOMHOCKEYTOTAL-26FEB17CZEDNK-8,0.01,0.0,1665.0
KXWOMHOCKEYTOTAL-26FEB18USASWE-8,0.0,0.0,4956.0
KXWOMHOCKEYTOTAL-26FEB22USACAN-6,0.04,0.0,10731.0
KXNBA1HTOTAL-26FEB20CLECHA-111,0.0,0.0,2083.0
KXNBA1HTOTAL-26FEB20CLECHA-105,0.0,0.0,99.0
KXPGATOP20-THGI26-PROD,0.0,0.0,19943.0
KXWOMHOCKEYTOTAL-26FEB18CANCZE-6,0.01,0.0,55687.0
KXNBAPTS-26FEB20LACLAL-LALLJAMES23-20,0.0,0.0,17775.0
KXNBA2D-26FEB22NYKCHI-NYKMBRIDGES25,0.0,0.0,114.0
KXNBA2D-26FEB20CLECHA-CHAKKNUEPPEL7,0.0,0.0,989.0
KXNBAPTS-26FEB21PHINOP-PHITMAXEY0-25,0.0,0.0,7147.0
KXSCOTTISHPREMGAME-26FEB22LIVRFC-TIE,0.02,0.0,109838.0
KXNBABLK-26FEB22ORLLAC-LACBLOPEZ11-2,0.0,0.0,0.0
KXNBABLK-26FEB19BOSGSW-GSWAHORFORD20-1,0.0,0.0,0.0
KXNBA1HTOTAL-26FEB22DALIND-117,0.0,0.0,212.0
KXWTACHALLENGERMATCH-26FEB19LEEVID-VID,0.81,,18149.0
KXNBABLK-26FEB19BOSGSW-GSWDGREEN23-2,0.0,0.0,0.0
KXNBABLK-26FEB22ORLLAC-ORLPBANCHERO5-2,0.0,0.0,49.0
KXNBA1HTOTAL-26FEB21SACSAS-109,0.0,0.0,0.0
KXPGATOP20-THGI26-MMCN,0.0,0.0,22693.0
KXBRASILEIROTOTAL-26FEB19CAPCOR-2,0.01,0.0,17505.0
KXNBA1HTOTAL-26FEB21SACSAS-121,0.0,0.0,3784.0
KXWTACHALLENGERMATCH-26FEB17TOMJAK-TOM,0.83,,11980.0
KXNBA2D-26FEB19DETNYK-NYKOANUNOBY8,0.0,0.0,1164.0
KXPGATOP20-THGI26-DMCC,0.0,0.0,6497.0
KXNBABLK-26FEB22ORLLAC-ORLPBANCHERO5-3,0.0,0.0,0.0
KXNBABLK-26FEB19BOSGSW-GSWDGREEN23-3,0.0,0.0,0.0
KXBRASILEIROTOTAL-26FEB19CAPCOR-3,0.01,0.0,4987.0
KXNBAPTS-26FEB21PHINOP-PHITMAXEY0-30,0.0,0.0,5187.0
KXNBABLK-26FEB22ORLLAC-LACBLOPEZ11-3,0.0,0.0,0.0
KXWOMHOCKEYTOTAL-26FEB18CANCZE-7,0.01,0.0,31978.0
KXSAUDIPLTOTAL-26FEB20AKHCQAD-2,0.01,0.0,5251.0
KXUFCFIGHT-26FEB21NJOMIR-NJO,0.27,,263868.0
KXNBA1HTOTAL-26FEB19PHXSAS-109,0.0,0.0,0.0
KXWOMHOCKEYTOTAL-26FEB22USACAN-7,0.01,0.0,3501.0
KXNBABLK-26FEB22NYKCHI-NYKMBRIDGES25-1,0.0,0.0,300.0
KXPGATOP20-COCITPB26-PROD,0.0,0.0,0.0
KXWOMHOCKEY-26FEB17CHEITA-ITA,0.0,0.0,64888.0
KXNBABLK-26FEB21HOUNYK-NYKOANUNOBY8-2,0.0,0.0,0.0
KXNBA2D-26FEB21HOUNYK-NYKJHART3,0.0,2.0,851.0
KXWOMHOCKEYTOTAL-26FEB18USASWE-9,0.0,0.0,1888.0
KXNBA1HTOTAL-26FEB19PHXSAS-121,0.0,0.0,100.0
KXWOMHOCKEYTOTAL-26FEB17CZEDNK-9,0.0,0.0,324.0
KXNBA1HTOTAL-26FEB22ORLLAC-123,0.0,0.0,0.0
KXNBA1HTOTAL-26FEB22BKNATL-113,0.0,0.0,1783.0
KXNBA1HTOTAL-26FEB20LACLAL-100,0.0,0.0,0.0
KXNBA1HTOTAL-26FEB22BKNATL-107,0.01,0.0,0.0
KXWTACHALLENGERMATCH-26FEB17WERKRA-KRA,0.73,,33616.0
KXWTACHALLENGERMATCH-26FEB17SISPON-SIS,0.56,,42182.0
KXSCOTTISHPREMGAME-26FEB21DUUKIL-DUU,0.0,54.0,10882.0
KXNBA1HTOTAL-26FEB22DENGSW-112,0.0,0.0,1465.0
KXWTACHALLENGERMATCH-26FEB23RISIBR-RIS,0.04,0.0,18936.0
KXSAUDIPLTOTAL-26FEB23DAMAAS-1,0.01,0.0,9931.0
KXWTACHALLENGERMATCH-26FEB17YUAKOE-KOE,0.27,,122743.0
KXNBA1HTOTAL-26FEB22DENGSW-106,0.0,0.0,12.0
KXALEAGUETOTAL-26FEB21SYDBRR-2,0.01,0.0,13976.0
KXNBA3D-26FEB22CLEOKC-CLEJHARDEN1,0.0,0.0,7674.0
KXNBAPTS-26FEB20DALMIN-MINAEDWARDS5-35,0.0,0.0,15298.0
KXNBA2D-26FEB22DALIND-INDJWALKER5,0.0,2.0,201.0
KXWOMHOCKEY-26FEB18CANCZE-CAN,0.28,,1526221.0
KXBBLGAME-26FEB181400HEICHE-CHE,0.01,0.0,143126.0
KXNBA3D-26FEB22PHIMIN-MINAEDWARDS5,0.0,0.0,0.0
KXWTACHALLENGERMATCH-26FEB17SORKOS-KOS,0.05,,208224.0
KXWTACHALLENGERMATCH-26FEB18GOLCRA-GOL,0.67,,321642.0
KXNBABLK-26FEB19ATLPHI-ATLJJOHNSON1-2,0.0,0.0,0.0
KXNBAPTS-26FEB20LACLAL-LALLDONCIC77-35,0.0,0.0,3738.0
KXWOMHOCKEYTOTAL-26FEB20CANFIN-8,0.0,0.0,303.0
KXNBA3D-26FEB22BOSLAL-LALLDONCIC77,0.0,0.0,18376.0
KXWTACHALLENGERMATCH-26FEB17JORKLI-KLI,0.19,,46260.0
KXWTACHALLENGERMATCH-26FEB17BAIPAL-PAL,0.3,,49588.0
KXNBABLK-26FEB19DETNYK-NYKMBRIDGES25-3,0.0,0.0,0.0
KXNBABLK-26FEB19DENLAC-LACKLEONARD2-3,0.0,0.0,24.0
KXNBAPTS-26FEB20DALMIN-MINAEDWARDS5-25,0.0,0.0,5702.0
KXNBABLK-26FEB20MIAATL-MIABADEBAYO13-1,0.0,0.0,0.0
KXWTACHALLENGERMATCH-26FEB17CHASHI-CHA,0.52,,21937.0
KXNBA1HTOTAL-26FEB21PHINOP-113,0.0,0.0,1.0
KXNBABLK-26FEB21HOUNYK-NYKKTOWNS32-2,0.0,0.0,0.0
KXNBA1HTOTAL-26FEB21PHINOP-107,0.01,0.0,0.0
KXNBABLK-26FEB20LACLAL-LACJCOLLINS20-1,0.0,0.0,9.0
KXEPLBTTS-26FEB18WOLARS,0.0,0.0,9586.0
KXWOMHOCKEYTOTAL-26FEB22USACAN-3,0.01,0.0,74849.0
KXNBABLK-26FEB21MEMMIA-MIABADEBAYO13-2,0.0,0.0,0.0
KXNBA1HTOTAL-26FEB22PHIMIN-135,0.0,0.0,0.0
KXUFCFIGHT-26FEB21REEPER-PER,0.45,,700907.0
KXNBA3D-26FEB19PHXSAS-SASVWEMBANYAMA1,0.0,0.0,827.0
KXNBA2D-26FEB21MEMMIA-MIATHERRO14,0.0,0.0,742.0
KXNBABLK-26FEB19DENLAC-LACBLOPEZ11-2,0.0,0.0,0.0
KXNBABLK-26FEB22CLEOKC-CLEEMOBLEY4-1,0.0,0.0,10.0
KXWOMHOCKEYTOTAL-26FEB18CANCZE-3,0.01,0.0,890.0
KXPGATOP20-THGI26-MFIT,0.0,0.0,17323.0
KXWTACHALLENGERMATCH-26FEB17BRACRO-BRA,0.0,9.0,343178.0
KXWTACHALLENGERMATCH-26FEB23COLZOL-ZOL,0.49,,52025.0
KXNBA1HTOTAL-26FEB20CLECHA-114,0.0,0.0,1394.0
KXNBA2D-26FEB19DETNYK-NYKMROBINSON23,0.0,0.0,56.0
KXNBA2D-26FEB19ATLPHI-ATLNALEXANDERWALKER7,0.0,0.0,1212.0
KXNBA2D-26FEB22CHAWAS-CHABMILLER24,0.0,16.0,663.0
KXALEAGUETOTAL-26FEB20ADUPER-2,0.03,33.0,2355.0
KXPGATOP20-THGI26-RHIS,0.0,0.0,78350.0
KXWTACHALLENGERMATCH-26FEB17YANMLA-MLA,0.45,,588967.0
KXWTACHALLENGERMATCH-26FEB17BURTAN-TAN,0.74,,12101.0
KXNBABLK-26FEB20CLECHA-CLEJHARDEN1-2,0.0,0.0,0.0
KXNBA1HTOTAL-26FEB21SACSAS-124,0.0,0.0,128.0
KXNBA1HTOTAL-26FEB21SACSAS-130,0.0,0.0,0.0
KXNBABLK-26FEB19HOUCHA-HOUKDURANT7-2,0.0,0.0,0.0
KXNBABLK-26FEB22NYKCHI-NYKOANUNOBY8-2,0.0,0.0,0.0
KXNBABLK-26FEB19DENLAC-LACJCOLLINS20-3,0.0,0.0,300.0
KXSAUDIPLTOTAL-26FEB19AASNAJ-4,0.01,32.0,11009.0
KXNBA1HTOTAL-26FEB21SACSAS-118,0.01,0.0,2036.0
KXNBA1HTOTAL-26FEB20MIAATL-120,0.0,0.0,470.0
KXNBA2D-26FEB20UTAMEM-UTAABAILEY19,0.0,1.0,3207.0
KXWTACHALLENGERMATCH-26FEB19HIBOSU-OSU,0.04,0.0,27526.0
KXNBA1HTOTAL-26FEB20MIAATL-135,0.0,0.0,0.0
KXNBA2D-26FEB19TORCHI-CHIMBUZELIS14,0.0,0.0,373.0
KXNBABLK-26FEB19DENLAC-LACJCOLLINS20-2,0.0,0.0,20.0
KXNBABLK-26FEB22NYKCHI-NYKOANUNOBY8-3,0.0,0.0,0.0
KXNBABLK-26FEB19HOUCHA-HOUKDURANT7-3,0.0,0.0,300.0
KXNBA2D-26FEB19PHXSAS-SASDFOX4,0.0,0.0,512.0
KXUFCFIGHT-26FEB21BRASOR-BRA,0.45,,75347.0
KXNBABLK-26FEB20CLECHA-CLEJHARDEN1-3,0.0,0.0,0.0
KXNBA3D-26FEB20CLECHA-CHALBALL1,0.0,0.0,3691.0
KXNBA2D-26FEB22PHIMIN-MINJMCDANIELS3,0.0,0.0,10691.0
KXALEAGUETOTAL-26FEB20ADUPER-3,0.14,,14399.0
KXNBA1HTOTAL-26FEB22NYKCHI-117,0.0,0.0,222.0
KXSCOTTISHPREMGAME-26FEB21ABEDUN-DUN,0.03,13.0,21092.0
KXNBAPTS-26FEB20LACLAL-LACJCOLLINS20-15,0.0,0.0,11887.0
KXNBA1HTOTAL-26FEB19PHXSAS-124,0.0,0.0,0.0
KXNBA1HTOTAL-26FEB19PHXSAS-130,0.0,0.0,0.0
KXNBABLK-26FEB19DENLAC-LACBLOPEZ11-3,0.0,0.0,0.0
KXNBA1HTOTAL-26FEB19PHXSAS-118,0.0,0.0,264.0
KXNBA1HTOTAL-26FEB22PHIMIN-120,0.0,0.0,670.0
KXNBABLK-26FEB19BKNCLE-CLEJHARDEN1-1,0.0,0.0,0.0
KXNBABLK-26FEB21MEMMIA-MIABADEBAYO13-3,0.0,0.0,0.0
KXWOMHOCKEYTOTAL-26FEB22USACAN-2,0.01,0.0,11936.0
KXPGATOP20-THGI26-VHOV,0.0,0.0,56805.0
KXNBA2D-26FEB21SACSAS-SASSCASTLE5,0.0,23.0,1749.0
KXNBA2D-26FEB22TORMIL-MILKKUZMA18,0.0,0.0,953.0
KXNBA1HTOTAL-26FEB19BKNCLE-128,0.0,0.0,0.0
KXNBABLK-26FEB19ATLPHI-ATLOOKONGWU17-1,0.0,0.0,0.0
KXNBA1HTOTAL-26FEB20BKNOKC-97,0.0,0.0,50.0
KXNBABLK-26FEB21HOUNYK-NYKKTOWNS32-3,0.0,0.0,0.0
KXSAUDIPLTOTAL-26FEB19AKHRIY-2,0.0,50.0,10924.0
KXNBA1HTOTAL-26FEB22BKNATL-116,0.0,0.0,1928.0
KXSCOTTISHPREMGAME-26FEB21MIRMOT-TIE,0.0,17.0,6263.0
KXWTACHALLENGERMATCH-26FEB17HEWOSU-HEW,0.13,,14689.0
KXNBA1HTOTAL-26FEB22DENGSW-103,0.0,0.0,93.0
KXNBA1HTOTAL-26FEB19DETNYK-127,0.0,0.0,0.0
KXNBABLK-26FEB22DALIND-INDJWALKER5-1,0.0,0.0,0.0
KXNBA1HTOTAL-26FEB20DENPOR-104,0.01,0.0,0.0
KXNBA1HTOTAL-26FEB20DENPOR-110,0.0,0.0,111.0
KXNBABLK-26FEB19DENLAC-LACKLEONARD2-2,0.0,0.0,218.0
KXPGATOP20-THGI26-JROS,0.0,0.0,11014.0
KXNBABLK-26FEB19DETNYK-NYKMBRIDGES25-2,0.0,0.0,0.0
KXNBAPTS-26FEB20DALMIN-MINAEDWARDS5-30,0.0,0.0,11195.0
KXWTACHALLENGERMATCH-26FEB20KALGUO-KAL,0.4,,185685.0
KXNBA2D-26FEB19DENLAC-LACKLEONARD2,0.0,0.0,3024.0
KXWOMHOCKEYTOTAL-26FEB20CANFIN-9,0.0,0.0,539.0
KXNBAPTS-26FEB19BKNCLE-CLEJHARDEN1-20,0.0,0.0,7834.0
KXNBA2D-26FEB22PHIMIN-PHIKOUBRE9,0.0,0.0,524.0
KXWOMHOCKEY-26FEB20CANFIN-CAN,0.01,0.0,2413300.0
KXNBABLK-26FEB19ATLPHI-ATLJJOHNSON1-3,0.0,0.0,0.0
KXNBA2D-26FEB22BKNATL-ATLCMCCOLLUM3,0.0,0.0,0.0
KXNBABLK-26FEB19ATLPHI-ATLJJOHNSON1-1,0.0,0.0,643.0
KXNBA2D-26FEB19INDWAS-WASKGEORGE18,0.0,0.0,196.0
KXNBA3D-26FEB19ORLSAC-ORLPBANCHERO5,0.0,0.0,3710.0
KXNBA2D-26FEB19DETNYK-DETCCUNNINGHAM2,0.01,0.0,1606.0
KXNBAPTS-26FEB19BOSGSW-GSWDGREEN23-15,0.0,0.0,5613.0
KXWOMHOCKEYTOTAL-26FEB17DEUFRA-9,0.0,0.0,5.0
KXNBA2D-26FEB19ORLSAC-SACKMURRAY13,0.0,0.0,246.0
KXWTACHALLENGERMATCH-26FEB17LEELEA-LEE,0.04,0.0,131826.0
KXNBABLK-26FEB22DALIND-INDJWALKER5-3,0.0,0.0,0.0
KXNBABLK-26FEB20MIAATL-MIABADEBAYO13-2,0.0,0.0,1.0
KXDENSUPERLIGAGAME-26FEB23BROSON-SON,0.0,42.0,71733.0
KXNBA2D-26FEB22DENGSW-GSWDGREEN23,0.02,1.0,4480.0
KXSCOTTISHPREMGAME-26FEB21MIRMOT-MIR,0.0,18.0,8115.0
KXNBA1HTOTAL-26FEB22DENGSW-115,0.0,0.0,105.0
KXWOMHOCKEYTOTAL-26FEB21SVKFIN-9,0.0,0.0,300.0
KXNBA1HTOTAL-26FEB19BKNCLE-116,0.0,0.0,306.0
KXPGATOP20-THGI26-SSTR,0.0,0.0,21612.0
KXPGATOP20-THGI26-TFLE,0.01,0.0,46036.0
KXNBABLK-26FEB21HOUNYK-NYKKTOWNS32-1,0.0,0.0,0.0
KXNBA1HTOTAL-26FEB21PHINOP-110,0.0,0.0,0.0
KXNBA1HTOTAL-26FEB22BKNATL-128,0.0,0.0,0.0
KXPGATOP20-THGI26-JPOS,0.0,0.0,10263.0
KXPGATOP20-THGI26-SSTE,0.0,0.0,12626.0
KXNBA1HTOTAL-26FEB21HOUNYK-99,0.0,0.0,0.0
KXNBABLK-26FEB20LACLAL-LACJCOLLINS20-2,0.0,0.0,0.0
KXNBABLK-26FEB19ATLPHI-ATLOOKONGWU17-3,0.0,0.0,0.0
KXNBABLK-26FEB19BKNCLE-CLEJHARDEN1-3,0.0,0.0,0.0
KXNBABLK-26FEB21MEMMIA-MIABADEBAYO13-1,0.0,0.0,35.0
KXNBABLK-26FEB22CLEOKC-CLEEMOBLEY4-2,0.0,0.0,41.0
KXNBAPTS-26FEB21SACSAS-SACDDEROZAN10-15,0.44,,6318.0
KXNBABLK-26FEB19DENLAC-LACBLOPEZ11-1,0.0,0.0,25.0
KXNBAPTS-26FEB21SACSAS-SASVWEMBANYAMA1-30,0.0,0.0,8064.0
KXNBA1HTOTAL-26FEB22NYKCHI-129,0.0,0.0,0.0
KXALEAGUETOTAL-26FEB20ADUPER-1,0.03,35.0,1798.0
KXNBA2D-26FEB22BKNATL-ATLJJOHNSON1,0.21,,264.0
KXWTACHALLENGERMATCH-26FEB22SHYGLU-SHY,0.64,,27748.0
KXNBA1HTOTAL-26FEB19HOUCHA-108,0.0,0.0,252.0
KXNBA1HTOTAL-26FEB20CLECHA-117,0.0,0.0,291.0
KXNBA2D-26FEB19ATLPHI-ATLCMCCOLLUM3,0.0,0.0,0.0
KXNBA1HTOTAL-26FEB22DALIND-111,0.0,0.0,0.0
KXNBA3D-26FEB21DETCHI-DETCCUNNINGHAM2,0.0,0.0,4289.0
KXNBA2D-26FEB22BOSLAL-LALAREAVES15,0.0,0.0,7959.0
KXNBA1HTOTAL-26FEB22CLEOKC-97,0.01,0.0,0.0
KXNBA3D-26FEB22NYKCHI-CHIJGIDDEY3,0.0,0.0,12155.0
KXNBA1HTOTAL-26FEB21SACSAS-127,0.0,0.0,41.0
KXNBABLK-26FEB20CLECHA-CLEJHARDEN1-1,0.0,0.0,0.0
KXNBA1HTOTAL-26FEB20MIAATL-123,0.0,0.0,24.0
KXBRASILEIROTOTAL-26FEB19CAPCOR-4,0.01,0.0,3279.0
KXNBABLK-26FEB19HOUCHA-HOUKDURANT7-1,0.0,26.0,0.0
KXWTACHALLENGERMATCH-26FEB22IBRHER-HER,0.47,,37110.0
KXNBABLK-26FEB22NYKCHI-NYKOANUNOBY8-1,0.0,0.0,0.0
KXNBABLK-26FEB19DENLAC-LACJCOLLINS20-1,0.0,0.0,92.0
KXNBA2D-26FEB22DENGSW-DENCJOHNSON23,0.0,0.0,176.0
KXATPSETWINNER-26FEB20FRIPAU-2-FRI,0.0,0.0,1769.0
KXPGATOP20-THGI26-ABHA,0.0,0.0,66168.0
KXWTACHALLENGERMATCH-26FEB20GOLQUE-GOL,0.56,,72558.0
KXNBA2D-26FEB22NYKCHI-NYKJBRUNSON11,0.0,0.0,2324.0
KXWTACHALLENGERMATCH-26FEB19JOKGUO-JOK,0.04,1.0,4664.0
KXUFCFIGHT-26FEB21REEPER-REE,0.0,236.0,698989.0
KXNBA2D-26FEB19DENLAC-DENCJOHNSON23,0.0,0.0,0.0
KXNBA2D-26FEB22PHIMIN-MINJRANDLE30,0.0,19.0,6593.0
KXNBA3D-26FEB21SACSAS-SASVWEMBANYAMA1,0.0,0.0,8467.0
KXNBA1HTOTAL-26FEB22NYKCHI-114,0.0,0.0,2107.0
KXNBA1HTOTAL-26FEB20CLECHA-102,0.01,0.0,233.0
KXWTACHALLENGERMATCH-26FEB20SEBSTO-SEB,0.02,14.0,114401.0
KXNBA2D-26FEB22DENGSW-DENJMURRAY27,0.0,0.0,38.0
KXNBA2D-26FEB20MILNOP-NOPZWILLIAMSON1,0.0,0.0,692.0
KXNBAPTS-26FEB21SACSAS-SASVWEMBANYAMA1-25,0.0,0.0,32483.0
KXNBA3D-26FEB22BOSLAL-LALLJAMES23,0.0,0.0,17930.0
KXNBA2D-26FEB22PHIMIN-MINDDIVINCENZO0,0.0,0.0,69.0
KXWTACHALLENGERMATCH-26FEB23COLZOL-COL,0.21,,26847.0
KXKBLGAME-26FEB170230KNITHU-KNI,0.02,0.0,160220.0
KXWTACHALLENGERMATCH-26FEB18BOLLEE-LEE,0.65,,168604.0
KXNBABLK-26FEB22CLEOKC-CLEEMOBLEY4-3,0.0,0.0,0.0
KXWTACHALLENGERMATCH-26FEB17TIKLIA-TIK,0.0,2.0,30134.0
KXNBA1HTOTAL-26FEB19PHXSAS-127,0.0,0.0,0.0
KXNBAPTS-26FEB19DETNYK-DETCCUNNINGHAM2-20,0.0,0.0,6332.0
KXNBABLK-26FEB19BKNCLE-CLEJHARDEN1-2,0.0,0.0,0.0
KXNBA1HTOTAL-26FEB22PHIMIN-123,0.0,0.0,4721.0
KXNBABLK-26FEB20LACLAL-LACJCOLLINS20-3,0.0,0.0,0.0
KXNBABLK-26FEB19ATLPHI-ATLOOKONGWU17-2,0.0,0.0,0.0
KXUFCFIGHT-26FEB21STRHER-HER,0.62,,878151.0
KXNBA1HTOTAL-26FEB20LACLAL-112,0.0,0.0,258.0
KXNBA1HTOTAL-26FEB20LACLAL-106,0.0,0.0,222.0
KXPGATOP20-THGI26-THOG,0.0,0.0,20298.0
KXNBA1HTOTAL-26FEB22DENGSW-100,0.01,0.0,222.0
KXWTACHALLENGERMATCH-26FEB17COLDAY-DAY,0.93,,22400.0
KXNBA1HTOTAL-26FEB19DETNYK-124,0.0,0.0,0.0
KXWOMHOCKEYTOTAL-26FEB21SVKFIN-8,0.0,0.0,394.0
KXBBLGAME-26FEB181230BRBROS-ROS,0.0,0.0,382351.0
KXNBA1HTOTAL-26FEB20DENPOR-113,0.0,0.0,0.0
KXNBA1HTOTAL-26FEB19DETNYK-118,0.0,0.0,32.0
KXNBA1HTOTAL-26FEB20DENPOR-107,0.0,0.0,0.0
KXNBABLK-26FEB20MIAATL-MIABADEBAYO13-3,0.0,0.0,1.0
KXNBABLK-26FEB22DALIND-INDJWALKER5-2,0.0,0.0,0.0
KXWOMHOCKEY-26FEB21SVKFIN-FIN,0.02,0.0,328375.0
KXALEAGUETOTAL-26FEB21SYDBRR-4,0.01,0.0,7370.0
KXWOMHOCKEYTOTAL-26FEB17DEUFRA-8,0.0,0.0,0.0
KXNBABLK-26FEB19DETNYK-NYKMBRIDGES25-1,0.0,20.0,0.0
KXNBABLK-26FEB19DENLAC-LACKLEONARD2-1,0.0,0.0,89.0
KXWTACHALLENGERMATCH-26FEB19LAZLEO-LEO,0.04,0.0,97727.0
KXWTACHALLENGERMATCH-26FEB17DODKOR-DOD,0.3,,98835.0
KXPGATOP20-THGI26-JKNA,0.0,0.0,53288.0
