ticker,rows,min_bid,hit_5pct,volume_sum
KXNBA2D-26FEB22NYKCHI-NYKOANUNOBY8,20,0.0,True,1825.0
KXNBAPTS-26FEB22ORLLAC-ORLDBANE3-20,21,0.0,True,8622.0
KXNBA2D-26FEB21ORLPHX-ORLPBANCHERO5,22,0.02,True,993.0
KXWOMHOCKEYTOTAL-26FEB20CANFIN-7,19,0.0,True,18171.0
KXWTACHALLENGERMATCH-26FEB17HOSLIU-LIU,16,0.42,False,66857.0
KXNBA2D-26FEB19DENLAC-LACBLOPEZ11,12,0.0,True,52.0
KXPGATOP20-THGI26-BHAR,120,0.0,True,6374.0
KXNBAPTS-26FEB22ORLLAC-LACBMATHURIN9-25,14,0.0,True,10451.0
KXNBABLK-26FEB19BKNCLE-CLEJALLEN31-3,6,0.0,True,0.0
KXWOMHOCKEYTOTAL-26FEB17DEUFRA-5,15,0.0,True,4357.0
KXDENSUPERLIGAGAME-26FEB22SILFCM-TIE,44,0.0,True,7854.0
KXNBA2D-26FEB22PHIMIN-MINAEDWARDS5,21,0.04,True,2347.0
KXNBA2D-26FEB19DETNYK-DETTHARRIS12,21,0.0,True,346.0
KXNBABLK-26FEB20CLECHA-CLEJALLEN31-1,8,0.0,True,3.0
KXNBA1HTOTAL-26FEB19DETNYK-115,11,0.0,True,31.0
KXPGATOP20-THGI26-PCAN,139,0.0,True,64124.0
KXNBABLK-26FEB22BKNATL-ATLOOKONGWU17-2,11,0.0,True,621.0
KXKBLGAME-26FEB180000WONANY-WON,2,0.09,False,37785.0
KXNBA1HTOTAL-26FEB20DENPOR-122,3,0.0,True,101.0
KXWOMHOCKEYTOTAL-26FEB21SVKFIN-5,3,0.01,True,8587.0
KXWTACHALLENGERMATCH-26FEB18BRESTO-STO,11,0.55,False,187057.0
KXNBAPTS-26FEB19DENLAC-DENNJOKIC15-20,44,0.0,True,17977.0
KXNBAPTS-26FEB20DENPOR-DENCJOHNSON23-20,17,0.0,True,7439.0
KXNBABLK-26FEB21SACSAS-SASVWEMBANYAMA1-4,12,0.0,True,425.0
KXNBA3D-26FEB19BOSGSW-GSWDGREEN23,22,0.0,True,7980.0
KXNBA1HTOTAL-26FEB22ORLLAC-114,16,0.0,True,32.0
KXBBLGAME-26FEB181230OLDULM-ULM,43,0.01,True,150533.0
KXNBA2D-26FEB20CLECHA-CHALBALL1,20,0.0,True,515.0
KXNBA2D-26FEB22BKNATL-ATLDDANIELS5,20,0.0,True,96.0
KXNBABLK-26FEB22CLEOKC-OKCCHOLMGREN7-1,17,0.01,True,300.0
KXNBABLK-26FEB19HOUCHA-HOUASENGUN28-1,39,0.0,True,0.0
KXNBABLK-26FEB19DETNYK-NYKKTOWNS32-2,27,0.0,True,0.0
KXWOMHOCKEY-26FEB18USASWE-USA,22,0.68,False,1811548.0
KXWTACHALLENGERMATCH-26FEB23SHYZAV-ZAV,12,0.33,False,118752.0
KXWTACHALLENGERMATCH-26FEB18FERSTE-FER,14,0.58,False,182821.0
KXALEAGUETOTAL-26FEB17SYDAUC-1,44,0.01,True,9505.0
KXUFCFIGHT-26FEB21LEADEL-DEL,219,0.0,True,240851.0
KXNBA3D-26FEB19BKNCLE-CLEJHARDEN1,19,0.0,True,14280.0
KXNBA2D-26FEB19BKNCLE-CLEDMITCHELL45,47,0.0,True,1958.0
KXEPLBTTS-26FEB21MCINEW,211,0.0,True,14623.0
KXNBA2D-26FEB20MILNOP-NOPHJONES2,9,0.0,True,0.0
KXNBABLK-26FEB19TORCHI-TORSBARNES4-1,34,0.21,False,0.0
KXNBAPTS-26FEB22BOSLAL-LALLJAMES23-20,23,0.23,False,18117.0
KXSCOTTISHPREMGAME-26FEB21ABEDUN-TIE,50,0.0,True,9887.0
KXPGATOP20-THGI26-HENG,141,0.0,True,19530.0
KXUELSPREAD-26FEB19LUDFTC-LUD2,5,0.0,True,0.0
KXNBA2D-26FEB20BKNOKC-OKCCHOLMGREN7,23,0.0,True,1822.0
KXNBAPTS-26FEB22NYKCHI-NYKJHART3-10,19,0.0,True,7443.0
KXNBA1HTOTAL-26FEB22DALIND-120,13,0.0,True,631.0
KXPGATOP20-THGI26-XSCH,126,0.01,True,15159.0
KXNBABLK-26FEB22BKNATL-BKNNCLAXTON33-1,14,0.0,True,0.0
KXWTACHALLENGERMATCH-26FEB20FREVID-VID,13,0.8,False,169277.0
KXNBABLK-26FEB22DENGSW-GSWAHORFORD20-1,10,0.0,True,300.0
KXPGATOP20-THGI26-ARAI,137,0.0,True,12898.0
KXNBA1HTOTAL-26FEB22DALIND-108,6,0.01,True,0.0
KXNBA1HTOTAL-26FEB19HOUCHA-111,14,0.0,True,1126.0
KXNBA3D-26FEB22ORLLAC-ORLPBANCHERO5,23,0.0,True,6564.0
KXNBA1HTOTAL-26FEB19HOUCHA-105,14,0.0,True,1738.0
KXPGATOP20-THGI26-JSPI,133,0.0,True,34927.0
KXNBA3D-26FEB20CLECHA-CLEJHARDEN1,18,0.0,True,10369.0
KXNBA1HTOTAL-26FEB20CLECHA-126,5,0.0,True,0.0
KXNBABLK-26FEB19DETNYK-NYKKTOWNS32-3,7,0.0,True,0.0
KXNBA2D-26FEB21MEMMIA-MIABADEBAYO13,20,0.0,True,122.0
KXWOMHOCKEYTOTAL-26FEB17CZEDNK-3,15,0.01,True,2058.0
KXWOMHOCKEYTOTAL-26FEB18USASWE-3,13,0.01,True,35888.0
KXNBA3D-26FEB21PHINOP-NOPDQUEEN22,18,0.0,True,2322.0
KXNBABLK-26FEB20BKNOKC-OKCCHOLMGREN7-1,17,0.0,True,318.0
KXUELSPREAD-26FEB19SKBBFC-SKB1,2,0.0,True,578.0
KXNBA1HTOTAL-26FEB22BKNATL-125,4,0.0,True,1017.0
KXNBA2D-26FEB22TORMIL-MILMTURNER3,2,0.0,True,1231.0
KXWOMHOCKEY-26FEB20CANFIN-FIN,40,0.01,True,1264703.0
KXNBA1HTOTAL-26FEB22BKNATL-131,5,0.0,True,0.0
KXNBA1HTOTAL-26FEB22BKNATL-119,11,0.0,True,1629.0
KXPGATOP20-THGI26-WCLA,131,0.0,True,15769.0
KXNBAPTS-26FEB20LACLAL-LACKLEONARD2-30,21,0.0,True,5296.0
KXNBA3D-26FEB22CLEOKC-OKCIHARTENSTEIN55,17,0.0,True,7780.0
KXNBA1HTOTAL-26FEB22DENGSW-118,6,0.0,True,1135.0
KXWOMHOCKEYTOTAL-26FEB21SVKFIN-4,3,0.01,True,1953.0
KXNBA1HTOTAL-26FEB22DENGSW-124,4,0.0,True,0.0
KXNBABLK-26FEB22BKNATL-ATLOOKONGWU17-3,8,0.0,True,0.0
KXDENSUPERLIGAGAME-26FEB23BROSON-TIE,69,0.2,False,83180.0
KXWTACHALLENGERMATCH-26FEB18AKLQUE-AKL,13,0.05,False,5288.0
KXPGATOP20-THGI26-MLEE,141,0.01,True,32866.0
KXUFCVICROUND-26FEB21STRHER-STR1,35,0.0,True,43948.0
KXWOMHOCKEYTOTAL-26FEB17DEUFRA-4,17,0.01,True,2500.0
KXNBABLK-26FEB19BKNCLE-CLEJALLEN31-2,9,0.0,True,300.0
KXNBAPTS-26FEB22ORLLAC-LACBMATHURIN9-30,14,0.0,True,5929.0
KXWTACHALLENGERMATCH-26FEB19TANKOR-TAN,13,0.0,True,113466.0
KXWOMHOCKEYTOTAL-26FEB20CANFIN-6,18,0.0,True,17246.0
KXNBABLK-26FEB20LACLAL-LALDAYTON5-1,5,0.0,True,338.0
KXWTACHALLENGERMATCH-26FEB21GOLKOS-KOS,14,0.25,False,431896.0
KXNBABLK-26FEB20LACLAL-LALDAYTON5-3,4,0.0,True,91.0
KXNBAPTS-26FEB22BOSLAL-LALLDONCIC77-40,21,0.0,True,6332.0
KXWTACHALLENGERMATCH-26FEB22GOLSNI-SNI,13,0.65,False,18474.0
KXWOMHOCKEYTOTAL-26FEB20CANFIN-4,18,0.01,True,31525.0
KXNBA2D-26FEB21HOUNYK-NYKKTOWNS32,25,0.0,True,5277.0
KXNBA2D-26FEB20DALMIN-DALMCHRISTIE00,6,0.0,True,0.0
KXPGATOP20-THGI26-HMAT,139,0.0,True,59846.0
KXWOMHOCKEYTOTAL-26FEB17DEUFRA-6,20,0.0,True,40608.0
KXUFCVICROUND-26FEB21STRHER-STR3,40,0.01,True,28914.0
KXDENSUPERLIGAGAME-26FEB22RANFRE-TIE,47,0.0,True,14811.0
KXNBABLK-26FEB22BKNATL-ATLOOKONGWU17-1,9,0.0,True,309.0
KXSCOTTISHPREMGAME-26FEB21HOMFAL-FAL,50,0.0,True,6410.0
KXNBABLK-26FEB20CLECHA-CLEJALLEN31-2,9,0.0,True,5.0
KXWOMHOCKEYTOTAL-26FEB21SVKFIN-6,4,0.01,True,3799.0
KXPGATOP20-COCITPB26-JBRI,1,0.0,True,0.0
KXWTACHALLENGERMATCH-26FEB17SHYPAR-PAR,18,0.0,True,180456.0
KXNBA1HTOTAL-26FEB19BKNCLE-119,11,0.0,True,1219.0
KXNBA3D-26FEB19DENLAC-LACBMATHURIN9,11,0.0,True,1487.0
KXNBA1HTOTAL-26FEB19BKNCLE-125,9,0.0,True,0.0
KXNBA1HTOTAL-26FEB19BKNCLE-131,9,0.0,True,0.0
KXNBA1HTOTAL-26FEB21HOUNYK-96,4,0.0,True,0.0
KXNBA1HTOTAL-26FEB19PHXSAS-115,7,0.0,True,0.0
KXNBABLK-26FEB22CLEOKC-OKCCHOLMGREN7-2,12,0.01,True,509.0
KXNBABLK-26FEB20BKNOKC-OKCCHOLMGREN7-3,17,0.0,True,58.0
KXPGATOP20-COCITPB26-BGRI,1,0.0,True,0.0
KXPGATOP20-THGI26-KKIT,139,0.0,True,3932.0
KXWOMHOCKEY-26FEB18SVKDEU-SVK,13,0.45,False,73266.0
KXNBAPTS-26FEB22NYKCHI-CHIJGIDDEY3-15,22,0.0,True,5801.0
KXNBA1HTOTAL-26FEB22ORLLAC-117,6,0.0,True,0.0
KXNBA1HTOTAL-26FEB22PHIMIN-111,6,0.01,True,0.0
KXNBABLK-26FEB19DETNYK-NYKKTOWNS32-1,31,0.0,True,32.0
KXNBABLK-26FEB19HOUCHA-HOUASENGUN28-2,27,0.0,True,0.0
KXNBA1HTOTAL-26FEB22NYKCHI-132,7,0.0,True,0.0
KXWOMHOCKEYTOTAL-26FEB20USASVK-3,17,0.01,True,5563.0
KXNBA1HTOTAL-26FEB22NYKCHI-126,9,0.0,True,0.0
KXWTACHALLENGERMATCH-26FEB17MINROS-MIN,13,0.54,False,147334.0
KXPGATOP20-THGI26-SBUR,95,0.0,True,12665.0
KXNBA2D-26FEB19INDWAS-INDPSIAKAM43,46,0.01,True,1750.0
KXNBAPTS-26FEB20LACLAL-LALLJAMES23-15,22,0.0,True,5052.0
KXNBA2D-26FEB19TORCHI-TORJPOELTL19,21,0.0,True,683.0
KXNBABLK-26FEB22DENGSW-GSWAHORFORD20-3,7,0.0,True,0.0
KXNBA2D-26FEB19BOSGSW-BOSNVUCEVIC4,48,0.0,True,6388.0
KXALEAGUETOTAL-26FEB17SYDAUC-2,63,0.0,True,17882.0
KXNBABLK-26FEB22BKNATL-BKNNCLAXTON33-3,9,0.0,True,0.0
KXPGATOP20-THGI26-CCON,130,0.0,True,11675.0
KXWTACHALLENGERMATCH-26FEB22CIRZAV-ZAV,14,0.04,True,16762.0
KXWTACHALLENGERMATCH-26FEB17SISPON-PON,14,0.09,False,29004.0
KXNBAPTS-26FEB19DENLAC-LACKLEONARD2-30,40,0.0,True,7203.0
KXPGATOP20-THGI26-MMCG,72,0.0,True,6531.0
KXNBA2D-26FEB22CLEOKC-OKCCHOLMGREN7,20,0.32,False,1926.0
KXNBABLK-26FEB19TORCHI-TORSBARNES4-2,35,0.0,True,81.0
KXNBA2D-26FEB20LACLAL-LACJCOLLINS20,22,0.0,True,1522.0
KXNBA1HTOTAL-26FEB20MIAATL-138,4,0.0,True,0.0
KXNBA2D-26FEB21PHINOP-PHIKOUBRE9,19,0.0,True,1156.0
KXWTACHALLENGERMATCH-26FEB18COSLEW-COS,13,0.73,False,11879.0
KXNBA1HTOTAL-26FEB21SACSAS-115,8,0.0,True,821.0
KXWTACHALLENGERMATCH-26FEB18VOLLAM-LAM,13,0.73,False,6159.0
KXNBABLK-26FEB19TORCHI-TORSBARNES4-3,39,0.0,True,52.0
KXNBAPTS-26FEB19DENLAC-LACKLEONARD2-25,36,0.0,True,11694.0
KXUELSPREAD-26FEB19LUDFTC-LUD1,5,0.0,True,141.0
KXNBABLK-26FEB22BKNATL-BKNNCLAXTON33-2,16,0.0,True,41.0
KXNBA1HTOTAL-26FEB22DALIND-123,10,0.0,True,0.0
KXALEAGUETOTAL-26FEB17SYDAUC-3,39,0.0,True,11528.0
KXNBABLK-26FEB22DENGSW-GSWAHORFORD20-2,9,0.0,True,14.0
KXPGATOP20-THGI26-CAME,141,0.01,True,17673.0
KXNBA3D-26FEB20MILNOP-NOPDQUEEN22,33,0.0,True,2020.0
KXPGATOP20-THGI26-BGRI,119,0.0,True,8899.0
KXWTACHALLENGERMATCH-26FEB17MANJOR-MAN,14,0.17,False,154107.0
KXPGATOP20-THGI26-APOT,126,0.0,True,73581.0
KXNBAPTS-26FEB22CHAWAS-CHALBALL1-20,18,0.0,True,9679.0
KXNBABLK-26FEB19HOUCHA-HOUASENGUN28-3,6,0.0,True,0.0
KXNBA1HTOTAL-26FEB22ORLLAC-102,5,0.0,True,0.0
KXUELSPREAD-26FEB19SKBBFC-SKB2,2,0.0,True,200.0
KXNBABLK-26FEB22CLEOKC-OKCCHOLMGREN7-3,16,0.0,True,628.0
KXNBABLK-26FEB20BKNOKC-OKCCHOLMGREN7-2,16,0.0,True,85.0
KXNBA1HTOTAL-26FEB21PHINOP-122,10,0.0,True,631.0
KXNBA1HTOTAL-26FEB20LACLAL-121,4,0.0,True,327.0
KXUFCFIGHT-26FEB21ROWLEB-ROW,111,0.24,False,84783.0
KXATPSETWINNER-26FEB20TIETIA-1-TIE,14,0.0,True,2986.0
KXWTACHALLENGERMATCH-26FEB21FERLAZ-FER,13,0.33,False,130173.0
KXPGATOP20-THGI26-JBRI,128,0.01,True,30743.0
KXNBA1HTOTAL-26FEB20LACLAL-109,14,0.0,True,2505.0
KXWOMHOCKEYTOTAL-26FEB17SWELVA-3,22,0.0,True,1085.0
KXWOMHOCKEYTOTAL-26FEB21SVKFIN-7,4,0.0,True,619.0
KXBBLGAME-26FEB191300MBCLUD-MBC,34,0.0,True,81587.0
KXDENSUPERLIGAGAME-26FEB22SILFCM-FCM,50,0.02,True,24026.0
KXNBABLK-26FEB20CLECHA-CLEJALLEN31-3,9,0.0,True,0.0
KXWTACHALLENGERMATCH-26FEB18SAWVID-VID,12,0.82,False,5639.0
KXNBA1HTOTAL-26FEB19DETNYK-103,14,0.01,True,489.0
KXUFCVICROUND-26FEB21STRHER-STR2,47,0.0,True,54755.0
KXWOMHOCKEYTOTAL-26FEB17DEUFRA-7,14,0.0,True,1032.0
KXNBABLK-26FEB19BKNCLE-CLEJALLEN31-1,6,0.0,True,0.0
KXPGATOP20-THGI26-DBER,87,0.0,True,14407.0
KXWOMHOCKEYTOTAL-26FEB20CANFIN-5,20,0.03,True,157466.0
KXNBA3D-26FEB19TORCHI-TORSBARNES4,21,0.0,True,1567.0
KXNBA2D-26FEB21ORLPHX-PHXDBROOKS3,11,0.0,True,543.0
KXNBABLK-26FEB20LACLAL-LALDAYTON5-2,4,0.0,True,39.0
KXNBABLK-26FEB20MILNOP-NOPZWILLIAMSON1-2,10,0.0,True,0.0
KXWTACHALLENGERMATCH-26FEB22YAMSPI-SPI,13,0.04,True,12569.0
KXNBABLK-26FEB21ORLPHX-PHXMWILLIAMS15-3,4,0.0,True,0.0
KXNBA2D-26FEB20BKNOKC-OKCLDORT5,4,0.0,True,0.0
KXNBA3D-26FEB22ORLLAC-LACBMATHURIN9,6,0.0,True,1659.0
KXNBA2D-26FEB21SACSAS-SASDFOX4,19,0.0,True,1508.0
KXWOMHOCKEYTOTAL-26FEB17DEUFRA-3,9,0.01,True,334.0
KXWTACHALLENGERMATCH-26FEB17BROLAZ-BRO,13,0.23,False,56294.0
KXNBA3D-26FEB19DETNYK-NYKJBRUNSON11,12,0.0,True,58.0
KXWOMHOCKEYTOTAL-26FEB21SVKFIN-3,3,0.01,True,496.0
KXSCOTTISHPREMGAME-26FEB21HOMFAL-HOM,52,0.53,False,17871.0
KXWOMHOCKEYTOTAL-26FEB17SWELVA-7,14,0.0,True,3309.0
KXNBABLK-26FEB20DENPOR-DENNJOKIC15-3,11,0.0,True,1.0
KXNBABLK-26FEB21SACSAS-SASVWEMBANYAMA1-2,10,0.0,True,8.0
KXNBA1HTOTAL-26FEB22BKNATL-122,11,0.0,True,732.0
KXNBA2D-26FEB19ORLSAC-SACRWESTBROOK18,25,0.0,True,2100.0
KXNBA1HTOTAL-26FEB21HOUNYK-93,6,0.01,True,0.0
KXEPLBTTS-26FEB23EVEMUN,204,0.0,True,42729.0
KXWOMHOCKEYTOTAL-26FEB18USASWE-4,17,0.01,True,33712.0
KXNBA1HTOTAL-26FEB22PHIMIN-114,4,0.0,True,0.0
KXNBABLK-26FEB20CLECHA-CLEEMOBLEY4-1,11,0.01,True,0.0
KXWOMHOCKEYTOTAL-26FEB17CZEDNK-4,18,0.01,True,8493.0
KXWTACHALLENGERMATCH-26FEB17SEMBOL-SEM,12,0.31,False,26662.0
KXWTACHALLENGERMATCH-26FEB23TOTSPI-SPI,14,0.31,False,39087.0
KXUELSPREAD-26FEB19FENNFO-FEN1,2,0.0,True,841.0
KXNBAPTS-26FEB22DENGSW-DENNJOKIC15-40,16,0.0,True,5785.0
KXNBA2D-26FEB22DENGSW-DENNJOKIC15,18,0.21,False,230.0
KXNBA1HTOTAL-26FEB19HOUCHA-102,13,0.0,True,281.0
KXNBA2D-26FEB20DALMIN-MINDDIVINCENZO0,23,0.0,True,171.0
KXWTACHALLENGERMATCH-26FEB19MLAFER-FER,12,0.78,False,24667.0
KXWOMHOCKEYTOTAL-26FEB20USASVK-6,24,0.09,False,133669.0
KXNBA1HTOTAL-26FEB22NYKCHI-123,15,0.0,True,254.0
KXNBA1HTOTAL-26FEB20MIAATL-129,14,0.0,True,0.0
KXNBAPTS-26FEB21HOUNYK-NYKOANUNOBY8-15,25,0.44,False,6698.0
KXNBA2D-26FEB22CLEOKC-OKCIHARTENSTEIN55,17,0.0,True,312.0
KXNBA2D-26FEB19DETNYK-DETATHOMPSON9,20,0.0,True,411.0
KXPGATOP20-THGI26-RHEN,80,0.0,True,7496.0
KXNBABLK-26FEB19BKNCLE-CLEEMOBLEY4-3,23,0.0,True,0.0
KXWTACHALLENGERMATCH-26FEB20TOMLAM-TOM,13,0.05,False,154606.0
KXWTACHALLENGERMATCH-26FEB19MLAFER-MLA,12,0.04,True,46681.0
KXNBAPTS-26FEB22BOSLAL-BOSJBROWN7-30,23,0.0,True,22395.0
KXNBAPTS-26FEB22BOSLAL-BOSJBROWN7-25,22,0.0,True,5138.0
KXNBA1HTOTAL-26FEB20MIAATL-114,6,0.0,True,90.0
KXNBA2D-26FEB22PORPHX-PORJHOLIDAY5,21,0.0,True,593.0
KXNBABLK-26FEB19BKNCLE-CLEEMOBLEY4-2,21,0.0,True,0.0
KXUFCFIGHT-26FEB21SMIHAR-SMI,112,0.66,False,120411.0
KXNBA2D-26FEB21HOUNYK-HOUKDURANT7,26,0.0,True,2637.0
KXPGATOP20-THGI26-MMCC,138,0.0,True,2026.0
KXPGATOP20-THGI26-SLOW,133,0.0,True,16589.0
KXNBA2D-26FEB20LACLAL-LALLJAMES23,22,0.02,True,7245.0
KXPGATOP20-THGI26-CMOR,142,0.0,True,62426.0
KXNBA1HTOTAL-26FEB22DALIND-132,5,0.0,True,573.0
KXNBA1HTOTAL-26FEB22DALIND-126,10,0.0,True,0.0
KXWTACHALLENGERMATCH-26FEB20BARSAL-SAL,13,0.23,False,143863.0
KXNBA1HTOTAL-26FEB20CLECHA-120,5,0.0,True,0.0
KXWOMHOCKEYTOTAL-26FEB20USASVK-7,20,0.01,True,32109.0
KXPGATOP20-THGI26-RMAC,131,0.0,True,16778.0
KXNBA2D-26FEB20DALMIN-DALPWASHINGTON25,16,0.0,True,275.0
KXNBA1HTOTAL-26FEB20CLECHA-108,11,0.0,True,803.0
KXNBA1HTOTAL-26FEB19HOUCHA-117,9,0.0,True,0.0
KXNBA2D-26FEB21DETCHI-DETTHARRIS12,27,0.0,True,860.0
KXUELSPREAD-26FEB19DINGEN-DIN1,2,0.0,True,6436.0
KXNBA3D-26FEB22BKNATL-ATLJJOHNSON1,19,0.0,True,2643.0
KXNBA1HTOTAL-26FEB22PHIMIN-129,8,0.0,True,269.0
KXUFCFIGHT-26FEB21NEAMED-MED,118,0.27,False,145997.0
KXUELSPREAD-26FEB19FENNFO-NFO2,2,0.0,True,581.0
KXWOMHOCKEYTOTAL-26FEB17CZEDNK-5,22,0.01,True,38403.0
KXWOMHOCKEYTOTAL-26FEB18USASWE-5,21,0.02,True,61216.0
KXNBA1HTOTAL-26FEB20LACLAL-118,4,0.0,True,229.0
KXNBA2D-26FEB21DETCHI-CHIJGIDDEY3,25,0.0,True,1636.0
KXWTACHALLENGERMATCH-26FEB18SEBCRO-CRO,10,0.2,False,38998.0
KXUFCFIGHT-26FEB21ROWLEB-LEB,101,0.56,False,128314.0
KXNBABLK-26FEB21SACSAS-SASVWEMBANYAMA1-3,14,0.01,True,1795.0
KXBUNDESLIGABTTS-26FEB20M05HSV,110,0.01,True,13857.0
KXNBABLK-26FEB20DENPOR-DENNJOKIC15-2,18,0.0,True,0.0
KXNBA1HTOTAL-26FEB20DENPOR-119,4,0.0,True,69.0
KXNBA1HTOTAL-26FEB19DETNYK-112,12,0.0,True,545.0
KXNBA1HTOTAL-26FEB19DETNYK-106,9,0.0,True,54.0
KXWTACHALLENGERMATCH-26FEB22GUOCHA-GUO,14,0.21,False,202782.0
KXWOMHOCKEYTOTAL-26FEB17SWELVA-6,26,0.36,False,75954.0
KXNBA1HTOTAL-26FEB20DENPOR-125,3,0.0,True,1904.0
KXNBA1HTOTAL-26FEB20LACLAL-97,4,0.0,True,0.0
KXNBA2D-26FEB19INDWAS-INDANEMBHARD2,8,0.0,True,11.0
KXUFCFIGHT-26FEB21IGECOS-IGE,240,0.06,False,355837.0
KXWTACHALLENGERMATCH-26FEB18SISSAL-SIS,12,0.2,False,29576.0
KXKBLGAME-26FEB190500THUGOY-THU,25,0.0,True,61560.0
KXWTACHALLENGERMATCH-26FEB22SHYGLU-GLU,14,0.09,False,43126.0
KXNBA2D-26FEB21HOUNYK-HOUATHOMPSON1,26,0.0,True,336.0
KXNBAPTS-26FEB21PHINOP-NOPZWILLIAMSON1-25,16,0.0,True,6549.0
KXNBABLK-26FEB21ORLPHX-PHXMWILLIAMS15-2,4,0.0,True,22.0
KXNBABLK-26FEB20MILNOP-NOPZWILLIAMSON1-3,9,0.0,True,0.0
KXNBABLK-26FEB20MILNOP-NOPZWILLIAMSON1-1,9,0.0,True,0.0
KXNBAPTS-26FEB22ORLLAC-ORLDBANE3-25,22,0.0,True,6960.0
KXWTACHALLENGERMATCH-26FEB19KOEKOS-KOS,12,0.38,False,39464.0
KXNBAPTS-26FEB22PHIMIN-MINAEDWARDS5-30,19,0.42,False,6536.0
KXWOMHOCKEY-26FEB20USASVK-SVK,44,0.0,True,1508570.0
KXUFCVICROUND-26FEB21STRHER-STR5,36,0.0,True,48253.0
KXSCOTTISHPREMGAME-26FEB22LIVRFC-RFC,54,0.0,True,198423.0
KXWTACHALLENGERMATCH-26FEB20CHAHIB-CHA,14,0.43,False,103848.0
KXWTACHALLENGERMATCH-26FEB20KALGUO-GUO,14,0.05,False,138531.0
KXNBAPTS-26FEB22ORLLAC-LACBMATHURIN9-20,14,0.0,True,19264.0
KXWOMHOCKEYTOTAL-26FEB17SWELVA-4,14,0.0,True,621.0
KXWTACHALLENGERMATCH-26FEB19SHYKRA-KRA,11,0.62,False,18402.0
KXNBA2D-26FEB19INDWAS-INDJWALKER5,21,0.0,True,81.0
KXNBA1HTOTAL-26FEB21PHINOP-125,11,0.0,True,194.0
KXNBAPTS-26FEB19DENLAC-DENNJOKIC15-25,38,0.0,True,23207.0
KXNBA1HTOTAL-26FEB21PHINOP-131,7,0.0,True,0.0
KXNBA2D-26FEB21HOUNYK-HOUJSMITH10,22,0.0,True,1062.0
KXNBA1HTOTAL-26FEB21PHINOP-119,12,0.0,True,421.0
KXWTACHALLENGERMATCH-26FEB18AKLQUE-QUE,13,0.74,False,3750.0
KXNBA2D-26FEB19ORLSAC-ORLFWAGNER22,40,0.01,True,312.0
KXWTACHALLENGERMATCH-26FEB20BARSAL-BAR,12,0.45,False,84326.0
KXWTACHALLENGERMATCH-26FEB20KOSJOR-JOR,13,0.17,False,379588.0
KXWOMHOCKEYTOTAL-26FEB18USASWE-7,16,0.0,True,18482.0
KXNBABLK-26FEB20CLECHA-CLEEMOBLEY4-2,12,0.01,True,0.0
KXNBA1HTOTAL-26FEB22PHIMIN-117,12,0.0,True,206.0
KXWOMHOCKEYTOTAL-26FEB17CZEDNK-7,11,0.01,True,6303.0
KXUELSPREAD-26FEB19FENNFO-FEN2,2,0.0,True,3947.0
KXPGATOP20-THGI26-TPEN,109,0.0,True,10450.0
KXNBA1HTOTAL-26FEB22ORLLAC-111,15,0.0,True,2297.0
KXNBAPTS-26FEB21SACSAS-SACDDEROZAN10-20,17,0.0,True,6227.0
KXNBA2D-26FEB22BKNATL-BKNNCLAXTON33,20,0.0,True,332.0
KXNBA1HTOTAL-26FEB22ORLLAC-105,17,0.01,True,477.0
KXPGATOP20-THGI26-RMCI,131,0.01,True,62476.0
KXWTACHALLENGERMATCH-26FEB21LAMSNI-SNI,13,0.71,False,157809.0
KXNBA1HTOTAL-26FEB22NYKCHI-108,7,0.0,True,0.0
KXWOMHOCKEYTOTAL-26FEB20USASVK-5,24,0.48,False,232288.0
KXWOMHOCKEYTOTAL-26FEB18CANCZE-9,9,0.0,True,488.0
KXNBA1HTOTAL-26FEB22NYKCHI-120,15,0.0,True,3116.0
KXWTACHALLENGERMATCH-26FEB17SHYPAR-SHY,18,0.37,False,190718.0
KXNBA3D-26FEB21HOUNYK-NYKJHART3,26,0.0,True,11949.0
KXPGATOP20-THGI26-TKIM,118,0.0,True,22173.0
KXWTACHALLENGERMATCH-26FEB19TANKOR-KOR,13,0.78,False,51818.0
KXALEAGUETOTAL-26FEB17SYDAUC-4,40,0.0,True,962.0
KXNBAPTS-26FEB21HOUNYK-HOUKDURANT7-25,24,0.21,False,25664.0
KXNBA1HTOTAL-26FEB21SACSAS-112,9,0.0,True,0.0
KXNBA1HTOTAL-26FEB21SACSAS-106,4,0.01,True,250.0
KXNBAPTS-26FEB22CLEOKC-CLEJALLEN31-15,16,0.0,True,9677.0
KXNBAPTS-26FEB22BOSLAL-LALLJAMES23-25,22,0.0,True,9011.0
KXNBA2D-26FEB20MIAATL-ATLOOKONGWU17,19,0.0,True,105.0
KXNBA2D-26FEB19ORLSAC-SACDDEROZAN10,16,0.0,True,199.0
KXNBA1HTOTAL-26FEB20MIAATL-117,5,0.0,True,371.0
KXSCOTTISHPREMGAME-26FEB21DUUKIL-KIL,49,0.0,True,9167.0
KXNBABLK-26FEB19BKNCLE-CLEEMOBLEY4-1,22,0.21,False,300.0
KXNBA2D-26FEB22ORLLAC-LACBLOPEZ11,23,0.0,True,5197.0
KXNBA2D-26FEB20LACLAL-LACBLOPEZ11,11,0.0,True,488.0
KXNBA2D-26FEB22PORPHX-PHXMWILLIAMS15,21,0.0,True,593.0
KXWOMHOCKEYTOTAL-26FEB18CANCZE-8,10,0.0,True,21080.0
KXNBA1HTOTAL-26FEB20CLECHA-123,5,0.0,True,0.0
KXWOMHOCKEYTOTAL-26FEB20USASVK-4,19,0.01,True,32430.0
KXNBA1HTOTAL-26FEB19HOUCHA-114,9,0.0,True,32.0
KXNBA1HTOTAL-26FEB19PHXSAS-112,7,0.0,True,0.0
KXNBA2D-26FEB19HOUCHA-CHAKKNUEPPEL7,44,0.0,True,442.0
KXDENSUPERLIGAGAME-26FEB21OBKFCC-FCC,47,0.0,True,45279.0
KXWOMHOCKEYTOTAL-26FEB22USACAN-8,14,0.0,True,1481.0
KXNBA1HTOTAL-26FEB19PHXSAS-106,13,0.01,True,241.0
KXUELSPREAD-26FEB19DINGEN-DIN2,2,0.0,True,0.0
KXUELSPREAD-26FEB19FENNFO-NFO1,2,0.16,False,4543.0
KXWOMHOCKEYTOTAL-26FEB17CZEDNK-6,20,0.01,True,30758.0
KXNBABLK-26FEB20CLECHA-CLEEMOBLEY4-3,11,0.01,True,0.0
KXWOMHOCKEYTOTAL-26FEB18USASWE-6,21,0.02,True,76473.0
KXWTACHALLENGERMATCH-26FEB17GUOCHI-CHI,14,0.06,False,389830.0
KXNBAPTS-26FEB20LACLAL-LACKLEONARD2-35,18,0.0,True,5725.0
KXWTACHALLENGERMATCH-26FEB21GOLKOS-GOL,14,0.57,False,362021.0
KXNBA1HTOTAL-26FEB19BKNCLE-122,10,0.0,True,0.0
KXNBA2D-26FEB20MIAATL-MIABADEBAYO13,21,0.0,True,722.0
KXNBA1HTOTAL-26FEB22DENGSW-121,4,0.0,True,146.0
KXNBA2D-26FEB20MILNOP-MILKPORTER7,12,0.0,True,108.0
KXNBA2D-26FEB22DALIND-DALPWASHINGTON25,17,0.0,True,88.0
KXNBABLK-26FEB20DENPOR-DENNJOKIC15-1,17,0.0,True,7.0
KXWOMHOCKEY-26FEB18FINCHE-FIN,19,0.11,False,357506.0
KXNBA1HTOTAL-26FEB22DENGSW-109,9,0.0,True,209.0
KXWOMHOCKEYTOTAL-26FEB17SWELVA-5,16,0.0,True,25097.0
KXNBA2D-26FEB22BOSLAL-LALLDONCIC77,24,0.0,True,8993.0
KXPGATOP20-THGI26-STHE,129,0.0,True,16597.0
KXWTACHALLENGERMATCH-26FEB17SNIHRU-SNI,14,0.76,False,44622.0
KXUFCFIGHT-26FEB21LEADEL-LEA,246,0.02,True,240848.0
KXUFCVICROUND-26FEB21STRHER-STR4,39,0.0,True,59717.0
KXNBAPTS-26FEB22ORLLAC-ORLDBANE3-30,21,0.0,True,11660.0
KXNBABLK-26FEB21ORLPHX-PHXMWILLIAMS15-1,4,0.0,True,0.0
KXNBA2D-26FEB21SACSAS-SACRWESTBROOK18,22,0.0,True,4248.0
KXWOMHOCKEYTOTAL-26FEB20CANFIN-3,19,0.01,True,4303.0
KXWTACHALLENGERMATCH-26FEB19KOEKOS-KOE,12,0.25,False,17335.0
KXKBLGAME-26FEB190500KNIDAE-DAE,28,0.02,True,118319.0
KXWTACHALLENGERMATCH-26FEB21CHAVID-CHA,16,0.26,False,330640.0
KXNBAPTS-26FEB20LACLAL-LALAREAVES15-30,17,0.0,True,5123.0
KXNBA2D-26FEB21PHINOP-NOPDQUEEN22,20,0.0,True,1363.0
KXWTACHALLENGERMATCH-26FEB21STOGUO-GUO,15,0.23,False,344676.0
KXWTACHALLENGERMATCH-26FEB17JOKJON-JOK,8,0.04,True,43852.0
KXUELSPREAD-26FEB19LILCZV-LIL2,5,0.0,True,15551.0
KXNBA1HTOTAL-26FEB22BOSLAL-127,6,0.0,True,0.0
KXPGATOP20-THGI26-MGRE,111,0.0,True,7760.0
KXNBA1HTOTAL-26FEB21DETCHI-113,11,0.0,True,0.0
KXNBA2D-26FEB20CLECHA-CLEJHARDEN1,20,0.0,True,2037.0
KXNBA3D-26FEB19HOUCHA-HOUASENGUN28,36,0.0,True,2172.0
KXNBA1HTOTAL-26FEB21DETCHI-107,5,0.0,True,0.0
KXWOMHOCKEYTOTAL-26FEB18SVKDEU-8,9,0.01,True,0.0
KXPGATOP20-THGI26-BCAM,78,0.0,True,16226.0
KXNBA1HTOTAL-26FEB21MEMMIA-117,11,0.01,True,28.0
KXNBA1HTOTAL-26FEB19BOSGSW-121,9,0.0,True,2079.0
KXNBA2D-26FEB19ORLSAC-ORLPBANCHERO5,36,0.0,True,238.0
KXNBA3D-26FEB22NYKCHI-NYKJHART3,21,0.0,True,11446.0
KXKBLGAME-26FEB170000SONDAE-SON,39,0.02,True,413229.0
KXNBA2D-26FEB22BOSLAL-BOSDWHITE9,25,0.0,True,735.0
KXWTACHALLENGERMATCH-26FEB17KALROG-ROG,13,0.15,False,10103.0
KXNBA1HTOTAL-26FEB19BOSGSW-109,7,0.0,True,107.0
KXWTACHALLENGERMATCH-26FEB17BAIPAL-BAI,12,0.3,False,66659.0
KXNBABLK-26FEB19PHXSAS-SASVWEMBANYAMA1-2,33,0.21,False,280.0
KXNBA1HTOTAL-26FEB22CHAWAS-117,6,0.0,True,0.0
KXNBABLK-26FEB19PHXSAS-PHXMWILLIAMS15-2,9,0.0,True,0.0
KXNBA2D-26FEB20DALMIN-MINJMCDANIELS3,31,0.0,True,40.0
KXWOMHOCKEYTOTAL-26FEB18FINCHE-6,12,0.01,True,2126.0
KXNBA1HTOTAL-26FEB20UTAMEM-107,4,0.0,True,0.0
KXNBA1HTOTAL-26FEB19INDWAS-120,8,0.0,True,0.0
KXNBA1HTOTAL-26FEB20UTAMEM-113,12,0.01,True,581.0
KXNBA1HTOTAL-26FEB20DALMIN-123,12,0.0,True,2352.0
KXNBA1HTOTAL-26FEB19INDWAS-108,8,0.0,True,0.0
KXNBABLK-26FEB20MIAATL-MIAKWARE7-3,2,0.0,True,0.0
KXUFCVICROUND-26FEB21STRHER-HER4,43,0.0,True,15296.0
KXWTACHALLENGERMATCH-26FEB17DODKOR-KOR,15,0.0,True,111258.0
KXNBA1HTOTAL-26FEB22TORMIL-114,5,0.0,True,0.0
KXWTACHALLENGERMATCH-26FEB17TOMJAK-JAK,11,0.02,True,29148.0
KXNBA1HTOTAL-26FEB19ORLSAC-126,6,0.0,True,0.0
KXNBA2D-26FEB19DETNYK-NYKJHART3,45,0.0,True,1669.0
KXNBAPTS-26FEB22PHIMIN-MINJMCDANIELS3-15,20,0.01,True,10858.0
KXWTACHALLENGERMATCH-26FEB22SALLAZ-LAZ,13,0.01,True,10186.0
KXUELSPREAD-26FEB19PANVIK-PAN2,4,0.0,True,119.0
KXNBA1HTOTAL-26FEB22TORMIL-96,4,0.01,True,0.0
KXNBA2D-26FEB19HOUCHA-HOUJSMITH10,13,0.0,True,193.0
KXNBABLK-26FEB20LACLAL-LACKLEONARD2-1,17,0.0,True,24.0
KXPGATOP20-THGI26-KBRA,83,0.0,True,6175.0
KXNBA2D-26FEB19BOSGSW-GSWDGREEN23,39,0.0,True,6471.0
KXUFCVICROUND-26FEB21STRHER-HER5,37,0.0,True,13321.0
KXPGATOP20-THGI26-JDAY,86,0.0,True,8555.0
KXNBAPTS-26FEB21HOUNYK-NYKMBRIDGES25-15,26,0.0,True,6295.0
KXNBA1HTOTAL-26FEB22CLEOKC-118,5,0.0,True,799.0
KXNBABLK-26FEB20MIAATL-MIAKWARE7-2,2,0.0,True,0.0
KXNBA2D-26FEB20MILNOP-MILKKUZMA18,42,0.0,True,402.0
KXWOMHOCKEYTOTAL-26FEB18FINCHE-7,10,0.01,True,205.0
KXBBLGAME-26FEB171230SKYBAY-BAY,37,0.01,True,146639.0
KXUELSPREAD-26FEB19PAOKRCC-RCC1,2,0.08,False,788.0
KXNBAPTS-26FEB22DENGSW-DENNJOKIC15-30,18,0.0,True,7065.0
KXWTACHALLENGERMATCH-26FEB17HOSLIU-HOS,17,0.14,False,95319.0
KXNBABLK-26FEB19PHXSAS-PHXMWILLIAMS15-3,6,0.0,True,0.0
KXNBA1HTOTAL-26FEB22CHAWAS-102,6,0.0,True,1332.0
KXNBAPTS-26FEB20CLECHA-CHALBALL1-20,19,0.0,True,9184.0
KXNBA1HTOTAL-26FEB19DENLAC-107,9,0.0,True,170.0
KXNBA1HTOTAL-26FEB19DENLAC-113,12,0.0,True,0.0
KXSAUDIPLTOTAL-26FEB20DAMSHA-2,24,0.01,True,5224.0
KXUFCFIGHT-26FEB21OSBIDI-OSB,215,0.0,True,304795.0
KXNBA2D-26FEB22PORPHX-PORDCLINGAN23,19,0.0,True,1879.0
KXWTACHALLENGERMATCH-26FEB17COLDAY-COL,12,0.03,True,211353.0
KXKBLGAME-26FEB170230KNITHU-THU,36,0.02,True,143132.0
KXNBABLK-26FEB19PHXSAS-SASVWEMBANYAMA1-3,35,0.0,True,4137.0
KXNBABLK-26FEB22PORPHX-PHXMWILLIAMS15-1,3,0.0,True,0.0
KXNBA1HTOTAL-26FEB20INDWAS-121,6,0.0,True,0.0
KXWTACHALLENGERMATCH-26FEB22ALVCOL-COL,12,0.35,False,90494.0
KXNBA1HTOTAL-26FEB20MILNOP-103,7,0.01,True,5.0
KXNBA1HTOTAL-26FEB22PORPHX-115,15,0.0,True,1125.0
KXNBA1HTOTAL-26FEB20INDWAS-109,13,0.0,True,1757.0
KXNBA2D-26FEB19BKNCLE-CLEJHARDEN1,42,0.0,True,1783.0
KXWOMHOCKEYTOTAL-26FEB18SVKDEU-9,9,0.01,True,0.0
KXNBA2D-26FEB20DALMIN-MINAEDWARDS5,40,0.0,True,1858.0
KXNBAPTS-26FEB20DENPOR-DENNJOKIC15-35,22,0.0,True,5493.0
KXNBA2D-26FEB21MEMMIA-MIANPOWELL24,5,0.0,True,0.0
KXLIGUE1BTTS-26FEB20STBOM,86,0.0,True,8790.0
KXNBA2D-26FEB20CLECHA-CLEDMITCHELL45,19,0.0,True,1807.0
KXNBA1HTOTAL-26FEB21HOUNYK-105,16,0.0,True,1343.0
KXNBA1HTOTAL-26FEB19ATLPHI-111,16,0.0,True,248.0
KXNBAPTS-26FEB22BOSLAL-LALLDONCIC77-35,23,0.0,True,6389.0
KXNBA1HTOTAL-26FEB21HOUNYK-111,16,0.0,True,149.0
KXNBAPTS-26FEB20LACLAL-LALAREAVES15-25,17,0.01,True,13474.0
KXPGATOP20-THGI26-RGER,101,0.0,True,8039.0
KXUELSPREAD-26FEB19LILCZV-LIL1,5,0.0,True,5604.0
KXNBA1HTOTAL-26FEB22BOSLAL-124,9,0.0,True,2526.0
KXNBA1HTOTAL-26FEB22BOSLAL-130,7,0.0,True,240.0
KXNBA1HTOTAL-26FEB22BOSLAL-118,15,0.0,True,11042.0
KXATPSETWINNER-26FEB23PELBAR-2-PEL,12,0.0,True,0.0
KXPGATOP20-THGI26-LABE,145,0.0,True,55430.0
KXWTACHALLENGERMATCH-26FEB19JORJOR2-JOR2,11,0.58,False,5383.0
KXUFCFIGHT-26FEB21NEAMED-NEA,117,0.6,False,172506.0
KXWTACHALLENGERMATCH-26FEB18FREDAY-FRE,12,0.06,False,587694.0
KXNBAPTS-26FEB22CLEOKC-CLEJHARDEN1-20,20,0.0,True,6951.0
KXNBA2D-26FEB20MILNOP-NOPDQUEEN22,42,0.0,True,3486.0
KXNBA2D-26FEB19HOUCHA-HOUATHOMPSON1,47,0.0,True,623.0
KXWOMHOCKEYTOTAL-26FEB17CHEITA-3,9,0.01,True,6835.0
KXNBAPTS-26FEB19PHXSAS-SASVWEMBANYAMA1-20,44,0.0,True,16101.0
KXNBA1HTOTAL-26FEB20BKNOKC-106,14,0.0,True,0.0
KXNBA1HTOTAL-26FEB20BKNOKC-112,15,0.0,True,291.0
KXNBA1HTOTAL-26FEB21DETCHI-110,4,0.0,True,0.0
KXDENSUPERLIGAGAME-26FEB22RANFRE-FRE,47,0.02,True,27868.0
KXATPSETWINNER-26FEB19MENSIN-1-MEN,8,0.0,True,1581.0
KXNBA1HTOTAL-26FEB22PORPHX-103,6,0.0,True,91.0
KXNBA2D-26FEB22DENGSW-GSWAHORFORD20,18,0.0,True,1010.0
KXNBA1HTOTAL-26FEB20MILNOP-115,13,0.01,True,488.0
KXPGATOP20-THGI26-SVAL,109,0.0,True,19523.0
KXBBLGAME-26FEB181400RASTBB-RAS,49,0.0,True,54438.0
KXNBA1HTOTAL-26FEB21MEMMIA-114,6,0.0,True,0.0
KXNBA2D-26FEB22PHIMIN-PHIVEDGECOMBE77,20,0.0,True,1600.0
KXNBABLK-26FEB22PORPHX-PHXMWILLIAMS15-3,3,0.0,True,0.0
KXWTACHALLENGERMATCH-26FEB17WERKRA-WER,13,0.03,True,62098.0
KXNBA2D-26FEB19HOUCHA-HOUKDURANT7,34,0.0,True,1122.0
KXNBA2D-26FEB20LACLAL-LALLDONCIC77,21,0.01,True,2979.0
KXNBA2D-26FEB19TORCHI-TORSBARNES4,42,0.0,True,477.0
KXWTACHALLENGERMATCH-26FEB19SNIBAI-BAI,12,0.03,True,51569.0
KXWTACHALLENGERMATCH-26FEB20LEEKOR-LEE,11,0.03,True,83432.0
KXNBA1HTOTAL-26FEB21ORLPHX-118,11,0.0,True,0.0
KXNBABLK-26FEB19PHXSAS-PHXMWILLIAMS15-1,8,0.0,True,300.0
KXUFCFIGHT-26FEB21SPIDEL-DEL,222,0.0,True,947807.0
KXNBA2D-26FEB19BKNCLE-CLEEMOBLEY4,25,0.0,True,492.0
KXNBA1HTOTAL-26FEB22CHAWAS-114,12,0.0,True,542.0
KXPGATOP20-THGI26-ANOR,113,0.0,True,11256.0
KXNBA1HTOTAL-26FEB19TORCHI-126,7,0.0,True,0.0
KXKBLGAME-26FEB180230SAKEGI-EGI,5,0.0,True,83956.0
KXNBA1HTOTAL-26FEB21ORLPHX-124,7,0.0,True,0.0
KXWTACHALLENGERMATCH-26FEB19JORJOR2-JOR,11,0.05,False,693.0
KXNBA2D-26FEB20MIAATL-MIATHERRO14,5,0.0,True,2.0
KXNBA2D-26FEB21ORLPHX-PHXMWILLIAMS15,22,0.0,True,3841.0
KXNBA1HTOTAL-26FEB22CHAWAS-99,7,0.01,True,291.0
KXDENSUPERLIGAGAME-26FEB20NJAVEJ-TIE,54,0.05,False,86585.0
KXNBA3D-26FEB20BKNOKC-OKCIHARTENSTEIN55,20,0.0,True,11828.0
KXNBA2D-26FEB20MIAATL-ATLCMCCOLLUM3,8,0.0,True,64.0
KXWTACHALLENGERMATCH-26FEB22YAMSPI-YAM,13,0.04,True,5111.0
KXNBA1HTOTAL-26FEB19INDWAS-123,8,0.0,True,0.0
KXNBA1HTOTAL-26FEB20UTAMEM-110,13,0.01,True,10.0
KXWOMHOCKEYTOTAL-26FEB18FINCHE-5,18,0.01,True,22563.0
KXNBA1HTOTAL-26FEB20UTAMEM-104,4,0.01,True,0.0
KXNBA2D-26FEB19BOSGSW-GSWAHORFORD20,24,0.0,True,23.0
KXNBA1HTOTAL-26FEB20DALMIN-120,12,0.0,True,592.0
KXNBA1HTOTAL-26FEB22TORMIL-117,4,0.0,True,0.0
KXNBABLK-26FEB20LACLAL-LACKLEONARD2-3,10,0.0,True,0.0
KXWTACHALLENGERMATCH-26FEB20LAZMAR-MAR,11,0.17,False,40113.0
KXWTACHALLENGERMATCH-26FEB20COSFER-FER,13,0.43,False,243992.0
KXNBAPTS-26FEB20CLECHA-CHAKKNUEPPEL7-30,20,0.0,True,6589.0
KXNBAPTS-26FEB20CLECHA-CHAKKNUEPPEL7-25,20,0.0,True,10787.0
KXNBAPTS-26FEB22ORLLAC-ORLPBANCHERO5-20,23,0.0,True,13702.0
KXUELSPREAD-26FEB19PANVIK-PAN1,4,0.07,False,200.0
KXNBA2D-26FEB21HOUNYK-NYKMBRIDGES25,8,0.0,True,4.0
KXNBA1HTOTAL-26FEB22TORMIL-102,8,0.0,True,221.0
KXNBABLK-26FEB20LACLAL-LACKLEONARD2-2,16,0.0,True,0.0
KXNBA2D-26FEB20CLECHA-CLEEMOBLEY4,20,0.01,True,284.0
KXNBABLK-26FEB20MIAATL-MIAKWARE7-1,2,0.0,True,0.0
KXUFCFIGHT-26FEB21CORGUR-COR,210,0.63,False,105978.0
KXNBA1HTOTAL-26FEB20DALMIN-135,5,0.0,True,0.0
KXWOMHOCKEYTOTAL-26FEB18FINCHE-4,14,0.01,True,26154.0
KXUELSPREAD-26FEB19PAOKRCC-RCC2,2,0.0,True,584.0
KXWOWHOCKEY-26FEB19CHESWE-SWE,39,0.58,False,215799.0
KXWTACHALLENGERMATCH-26FEB18CHAYOU-YOU,12,0.0,True,191717.0
KXNBAPTS-26FEB21DETCHI-DETATHOMPSON9-10,24,0.0,True,6672.0
KXWTACHALLENGERMATCH-26FEB22TOTSHA-SHA,10,0.0,True,26057.0
KXALEAGUETOTAL-26FEB22NUJMAC-4,31,0.01,True,1561.0
KXBBLGAME-26FEB181230WURBLB-BLB,31,0.01,True,77516.0
KXNBA1HTOTAL-26FEB19HOUCHA-96,10,0.0,True,0.0
KXWTACHALLENGERMATCH-26FEB18BRESTO-BRE,11,0.0,True,39359.0
KXNBA2D-26FEB20UTAMEM-UTALMARKKANEN23,20,0.03,True,830.0
KXWTACHALLENGERMATCH-26FEB22TOTSHA-TOT,11,0.04,True,17585.0
KXDENSUPERLIGAGAME-26FEB21OBKFCC-OBK,56,0.01,True,54110.0
KXWTACHALLENGERMATCH-26FEB20FREVID-FRE,13,0.02,True,733557.0
KXNBA1HTOTAL-26FEB19DENLAC-110,17,0.0,True,7064.0
KXNBA2D-26FEB21DETCHI-CHIMBUZELIS14,24,0.0,True,885.0
KXNBA1HTOTAL-26FEB19DENLAC-104,11,0.0,True,751.0
KXWTACHALLENGERMATCH-26FEB17KALROG-KAL,13,0.7,False,12208.0
KXNBA3D-26FEB20MIAATL-ATLJJOHNSON1,21,0.0,True,1475.0
KXNBABLK-26FEB22PORPHX-PHXMWILLIAMS15-2,3,0.0,True,0.0
KXWTACHALLENGERMATCH-26FEB17BRACRO-CRO,9,0.45,False,433578.0
KXNBA2D-26FEB21PHINOP-PHITMAXEY0,20,0.0,True,454.0
KXALEAGUETOTAL-26FEB20WPHAUC-4,21,0.03,True,11592.0
KXNBA1HTOTAL-26FEB21MEMMIA-129,2,0.0,True,0.0
KXEPLBTTS-26FEB21WHUBOU,181,0.0,True,7493.0
KXWTACHALLENGERMATCH-26FEB17SNIHRU-HRU,14,0.0,True,30482.0
KXWTACHALLENGERMATCH-26FEB22ALVCOL-ALV,13,0.06,False,92481.0
KXNBA1HTOTAL-26FEB22BOSLAL-109,7,0.0,True,2103.0
KXNBA2D-26FEB22CLEOKC-CLEJALLEN31,19,0.0,True,3238.0
KXNBA2D-26FEB20DENPOR-DENCJOHNSON23,11,0.0,True,234.0
KXNBA1HTOTAL-26FEB21HOUNYK-102,14,0.0,True,0.0
KXNBA1HTOTAL-26FEB22BOSLAL-121,13,0.0,True,2950.0
KXNBAPTS-26FEB19PHXSAS-SASVWEMBANYAMA1-25,44,0.0,True,18667.0
KXNBA1HTOTAL-26FEB20BKNOKC-103,14,0.0,True,1.0
KXNBA3D-26FEB19ORLSAC-SACRWESTBROOK18,20,0.0,True,6156.0
KXSAUDIPLTOTAL-26FEB23QADITT-3,36,0.01,True,3943.0
KXWOMHOCKEY-26FEB21SVKFIN-SVK,23,0.0,True,274815.0
KXWOMHOCKEYTOTAL-26FEB17CHEITA-6,20,0.01,True,13933.0
KXNBABLK-26FEB22NYKCHI-NYKKTOWNS32-3,9,0.0,True,0.0
KXNBA3D-26FEB20LACLAL-LACBMATHURIN9,5,0.0,True,10295.0
KXWOMHOCKEY-26FEB17CZEDNK-DNK,40,0.05,False,151413.0
KXNBA3D-26FEB20LACLAL-LALLJAMES23,21,0.0,True,9077.0
KXNBA1HTOTAL-26FEB21MEMMIA-111,6,0.0,True,0.0
KXNBA1HTOTAL-26FEB22PORPHX-112,16,0.0,True,579.0
KXNBA1HTOTAL-26FEB22PORPHX-106,5,0.0,True,0.0
KXNBABLK-26FEB19PHXSAS-SASVWEMBANYAMA1-4,30,0.02,True,0.0
KXUELSPREAD-26FEB19SKBBFC-BFC1,2,0.0,True,1990.0
KXWTACHALLENGERMATCH-26FEB17TIKLIA-LIA,13,0.04,True,68522.0
KXWOMHOCKEY-26FEB17DEUFRA-DEU,35,0.82,False,97274.0
KXNBA2D-26FEB19PHXSAS-PHXDBOOKER1,45,0.0,True,1496.0
KXNBA1HTOTAL-26FEB22CHAWAS-111,11,0.0,True,2112.0
KXNBA2D-26FEB22CHAWAS-CHALBALL1,20,0.0,True,634.0
KXNBAPTS-26FEB20DENPOR-PORDAVDIJA8-25,22,0.0,True,10509.0
KXNBA1HTOTAL-26FEB21ORLPHX-121,6,0.0,True,0.0
KXNBA1HTOTAL-26FEB22CHAWAS-105,10,0.0,True,576.0
KXNBA1HTOTAL-26FEB19TORCHI-123,6,0.0,True,0.0
KXNBA1HTOTAL-26FEB21ORLPHX-109,14,0.0,True,1342.0
KXUELSPREAD-26FEB19PANVIK-VIK1,4,0.0,True,229.0
KXWTACHALLENGERMATCH-26FEB20LEEKOR-KOR,12,0.69,False,52794.0
KXNBA2D-26FEB19TORCHI-TORIQUICKLEY5,21,0.0,True,84.0
KXNBABLK-26FEB22BOSLAL-LALDAYTON5-1,12,0.0,True,423.0
KXNBA3D-26FEB20CLECHA-CHAKKNUEPPEL7,10,0.0,True,0.0
KXNBABLK-26FEB20DALMIN-MINRGOBERT27-1,14,0.21,False,3.0
KXWOMHOCKEY-26FEB20USASVK-USA,45,0.65,False,1484997.0
KXNBA1HTOTAL-26FEB19INDWAS-126,8,0.0,True,0.0
KXPGATOP20-THGI26-GHIG,55,0.0,True,1360.0
KXNBA2D-26FEB19DENLAC-LACJCOLLINS20,24,0.0,True,633.0
KXDENSUPERLIGAGAME-26FEB22RANFRE-RAN,46,0.0,True,22187.0
KXNBA1HTOTAL-26FEB19ORLSAC-120,6,0.0,True,0.0
KXNBA3D-26FEB21DETCHI-CHIJGIDDEY3,23,0.0,True,5124.0
KXNBA1HTOTAL-26FEB19ORLSAC-108,7,0.0,True,0.0
KXUFCVICROUND-26FEB21STRHER-HER2,47,0.0,True,15108.0
KXUFCVICROUND-26FEB21STRHER-HER3,48,0.0,True,21500.0
KXPGATOP20-THGI26-RFOW,140,0.0,True,27522.0
KXNBA3D-26FEB19HOUCHA-CHALBALL1,36,0.0,True,3671.0
KXNBAPTS-26FEB22ORLLAC-ORLPBANCHERO5-25,22,0.0,True,6603.0
KXNBA2D-26FEB22TORMIL-TORIQUICKLEY5,18,0.0,True,440.0
KXNBAPTS-26FEB20CLECHA-CHAKKNUEPPEL7-20,18,0.0,True,3743.0
KXNBABLK-26FEB20MIAATL-ATLOOKONGWU17-1,7,0.0,True,0.0
KXNBA1HTOTAL-26FEB20UTAMEM-128,4,0.0,True,0.0
KXNBA1HTOTAL-26FEB19HOUCHA-93,12,0.0,True,99.0
KXNBA2D-26FEB19DENLAC-DENJMURRAY27,39,0.0,True,192.0
KXUELSPREAD-26FEB19DINGEN-GEN2,2,0.0,True,170.0
KXALEAGUETOTAL-26FEB22NUJMAC-1,48,0.01,True,2019.0
KXNBA1HTOTAL-26FEB19DENLAC-101,10,0.0,True,594.0
KXWTACHALLENGERMATCH-26FEB18ANSHIB-HIB,13,0.63,False,180245.0
KXWTACHALLENGERMATCH-26FEB17MANJOR-JOR,14,0.56,False,133287.0
KXPGATOP20-THGI26-ANOV,113,0.0,True,4083.0
KXWTACHALLENGERMATCH-26FEB19SNIBAI-SNI,12,0.87,False,3155.0
KXNBAPTS-26FEB19HOUCHA-CHALBALL1-25,41,0.0,True,5516.0
KXUFCFIGHT-26FEB21STRHER-STR,291,0.03,True,6353539.0
KXUELSPREAD-26FEB19LUDFTC-FTC2,5,0.0,True,438.0
KXWTACHALLENGERMATCH-26FEB20KOSJOR-KOS,14,0.5,False,577037.0
KXNBAPTS-26FEB21DETCHI-DETCCUNNINGHAM2-25,24,0.0,True,8644.0
KXALEAGUETOTAL-26FEB20WPHAUC-1,42,0.03,True,396.0
KXNBA1HTOTAL-26FEB21DETCHI-128,5,0.0,True,0.0
KXWOMHOCKEYTOTAL-26FEB17CHEITA-7,13,0.01,True,449.0
KXWTACHALLENGERMATCH-26FEB18KORRAD-RAD,12,0.01,True,183215.0
KXNBA3D-26FEB22DENGSW-DENNJOKIC15,17,0.44,False,8222.0
KXNBABLK-26FEB22NYKCHI-NYKKTOWNS32-2,8,0.0,True,0.0
KXNBA2D-26FEB20DALMIN-DALDGAFFORD21,3,0.0,True,0.0
KXWTACHALLENGERMATCH-26FEB18TOMLIA-LIA,14,0.09,False,274232.0
KXNBA1HTOTAL-26FEB19ATLPHI-117,11,0.0,True,184.0
KXNBA1HTOTAL-26FEB21HOUNYK-117,8,0.0,True,0.0
KXNBABLK-26FEB20DENPOR-PORDCLINGAN23-1,10,0.0,True,0.0
KXWTACHALLENGERMATCH-26FEB18SISSAL-SAL,13,0.49,False,105215.0
KXNBA1HTOTAL-26FEB19ATLPHI-129,11,0.0,True,35.0
KXWTACHALLENGERMATCH-26FEB18CHAYOU-CHA,12,0.47,False,274064.0
KXWTACHALLENGERMATCH-26FEB17JOKJON-JON,8,0.04,True,41494.0
KXNBAPTS-26FEB22BOSLAL-LALLDONCIC77-25,22,0.0,True,13738.0
KXNBABLK-26FEB20DENPOR-PORDCLINGAN23-3,11,0.0,True,0.0
KXNBA1HTOTAL-26FEB21DETCHI-116,15,0.0,True,0.0
KXNBAPTS-26FEB20DENPOR-DENJMURRAY27-25,22,0.01,True,10397.0
KXNBA1HTOTAL-26FEB22ORLLAC-99,7,0.0,True,0.0
KXNBA1HTOTAL-26FEB20BKNOKC-100,5,0.0,True,0.0
KXUFCFIGHT-26FEB21OSBIDI-IDI,190,0.5,False,425741.0
KXNBAPTS-26FEB21DETCHI-DETDROBINSON55-10,17,0.0,True,8369.0
KXWOMHOCKEYTOTAL-26FEB17CHEITA-5,13,0.01,True,1518.0
KXNBA2D-26FEB19DETNYK-NYKKTOWNS32,37,0.01,True,1196.0
KXNBA2D-26FEB19ATLPHI-ATLJJOHNSON1,40,0.01,True,2502.0
KXNBA2D-26FEB21HOUNYK-HOUASENGUN28,22,0.0,True,621.0
KXALEAGUETOTAL-26FEB20WPHAUC-3,39,0.03,True,7238.0
KXNBA1HTOTAL-26FEB19BOSGSW-118,9,0.0,True,133.0
KXUELSPREAD-26FEB19SKBBFC-BFC2,2,0.0,True,256.0
KXNBA2D-26FEB22CHAWAS-CHAKKNUEPPEL7,20,0.0,True,1438.0
KXNBA2D-26FEB20MIAATL-ATLDDANIELS5,21,0.0,True,751.0
KXNBA1HTOTAL-26FEB19BOSGSW-124,9,0.0,True,956.0
KXNBA2D-26FEB22TORMIL-TORJPOELTL19,16,0.0,True,679.0
KXATPSETWINNER-26FEB20TIETIA-2-TIA,18,0.0,True,4365.0
KXNBA1HTOTAL-26FEB19TORCHI-120,6,0.0,True,0.0
KXUELSPREAD-26FEB19PANVIK-VIK2,4,0.0,True,62.0
KXWTACHALLENGERMATCH-26FEB20COSFER-COS,12,0.3,False,385698.0
KXWTACHALLENGERMATCH-26FEB18FERSTE-STE,13,0.04,True,184204.0
KXNBA1HTOTAL-26FEB19TORCHI-108,6,0.0,True,0.0
KXWTACHALLENGERMATCH-26FEB19HIBOSU-HIB,11,0.04,True,28361.0
KXALEAGUETOTAL-26FEB22NUJMAC-3,36,0.01,True,8247.0
KXNBA2D-26FEB20INDWAS-INDANEMBHARD2,20,0.01,True,110.0
KXNBA2D-26FEB21HOUNYK-NYKJBRUNSON11,27,0.0,True,6728.0
KXKBLGAME-26FEB190500THUGOY-GOY,29,0.02,True,36032.0
KXUFCFIGHT-26FEB21IGECOS-COS,212,0.58,False,205784.0
KXNBABLK-26FEB22BOSLAL-LALDAYTON5-2,12,0.0,True,0.0
KXNBA3D-26FEB20MILNOP-MILKPORTER7,19,0.0,True,673.0
KXNBA1HTOTAL-26FEB20DALMIN-126,12,0.0,True,940.0
KXNBA1HTOTAL-26FEB20DALMIN-132,4,0.0,True,0.0
KXNBABLK-26FEB20DALMIN-MINRGOBERT27-2,15,0.0,True,300.0
KXWOMHOCKEYTOTAL-26FEB18FINCHE-3,10,0.01,True,11595.0
KXNBA1HTOTAL-26FEB20UTAMEM-116,13,0.01,True,2941.0
KXNBA2D-26FEB19BOSGSW-BOSDWHITE9,41,0.0,True,2135.0
KXNBA1HTOTAL-26FEB19ORLSAC-123,6,0.0,True,0.0
KXNBABLK-26FEB20MIAATL-ATLOOKONGWU17-3,9,0.0,True,0.0
KXWTACHALLENGERMATCH-26FEB19SHYKRA-SHY,11,0.02,True,27928.0
KXUFCVICROUND-26FEB21STRHER-HER1,38,0.0,True,13767.0
KXNBA1HTOTAL-26FEB22TORMIL-105,9,0.0,True,575.0
KXNBA1HTOTAL-26FEB22TORMIL-111,11,0.0,True,588.0
KXWOMHOCKEY-26FEB18SVKDEU-DEU,13,0.0,True,100918.0
KXPGATOP20-THGI26-LGLO,79,0.0,True,2897.0
KXNBABLK-26FEB20MIAATL-ATLOOKONGWU17-2,9,0.0,True,350.0
KXNBAPTS-26FEB22BOSLAL-BOSPPRITCHARD11-15,19,0.0,True,9662.0
KXNBA1HTOTAL-26FEB22CLEOKC-121,8,0.0,True,151.0
KXNBABLK-26FEB20DALMIN-MINRGOBERT27-3,14,0.0,True,0.0
KXNBA1HTOTAL-26FEB22CLEOKC-109,8,0.0,True,6622.0
KXUELSPREAD-26FEB19DINGEN-GEN1,2,0.12,False,2096.0
KXNBABLK-26FEB22BOSLAL-LALDAYTON5-3,6,0.0,True,249.0
KXALEAGUETOTAL-26FEB22NUJMAC-2,41,0.01,True,5280.0
KXNBA1HTOTAL-26FEB19DENLAC-116,12,0.0,True,0.0
KXWTACHALLENGERMATCH-26FEB22GUOCHA-CHA,14,0.46,False,149293.0
KXWTACHALLENGERMATCH-26FEB22CAKZOL-CAK,9,0.0,True,25539.0
KXWTACHALLENGERMATCH-26FEB20GOLQUE-QUE,14,0.2,False,30843.0
KXNBAPTS-26FEB21HOUNYK-HOUATHOMPSON1-15,26,0.0,True,5162.0
KXUELSPREAD-26FEB19LUDFTC-FTC1,5,0.0,True,6345.0
KXNBA1HTOTAL-26FEB20INDWAS-118,9,0.0,True,41.0
KXNBA1HTOTAL-26FEB20INDWAS-124,6,0.0,True,0.0
KXALEAGUETOTAL-26FEB20WPHAUC-2,45,0.03,True,6442.0
KXNBA3D-26FEB21SACSAS-SACRWESTBROOK18,15,0.0,True,5207.0
KXNBA1HTOTAL-26FEB20MILNOP-112,13,0.01,True,0.0
KXNBA1HTOTAL-26FEB20MILNOP-106,5,0.0,True,0.0
KXWTACHALLENGERMATCH-26FEB19LAZLEO-LAZ,14,0.04,True,143483.0
KXNBABLK-26FEB22NYKCHI-NYKKTOWNS32-1,9,0.0,True,0.0
KXWOMHOCKEYTOTAL-26FEB17CHEITA-4,13,0.01,True,1556.0
KXNBA1HTOTAL-26FEB20BKNOKC-115,14,0.0,True,0.0
KXNBABLK-26FEB20DENPOR-PORDCLINGAN23-2,10,0.0,True,0.0
KXNBA1HTOTAL-26FEB21HOUNYK-114,6,0.0,True,0.0
KXNBA1HTOTAL-26FEB19ATLPHI-114,11,0.0,True,100.0
KXNBAPTS-26FEB22BOSLAL-LALLDONCIC77-30,24,0.0,True,37789.0
KXWTACHALLENGERMATCH-26FEB17LEOSER-SER,11,0.31,False,57197.0
KXNBA2D-26FEB20BKNOKC-OKCIHARTENSTEIN55,19,0.0,True,256.0
KXWTACHALLENGERMATCH-26FEB17HEWOSU-OSU,10,0.67,False,24320.0
KXWTACHALLENGERMATCH-26FEB22SALLAZ-SAL,12,0.65,False,20352.0
KXNBA1HTOTAL-26FEB22BOSLAL-112,14,0.0,True,524.0
KXNBA1HTOTAL-26FEB22BOSLAL-106,8,0.01,True,3581.0
KXNBABLK-26FEB22PORPHX-PORDCLINGAN23-1,12,0.0,True,0.0
KXNBA1HTOTAL-26FEB20BKNOKC-118,5,0.0,True,0.0
KXNBABLK-26FEB21HOUNYK-HOUATHOMPSON1-2,5,0.0,True,0.0
KXWTACHALLENGERMATCH-26FEB19JOKGUO-GUO,12,0.21,False,2641.0
KXWOMHOCKEYTOTAL-26FEB17CHEITA-9,9,0.01,True,20.0
KXNBAPTS-26FEB21HOUNYK-NYKKTOWNS32-20,23,0.0,True,7833.0
KXNBA1HTOTAL-26FEB22PORPHX-121,6,0.0,True,267.0
KXNBA2D-26FEB20MIAATL-ATLJJOHNSON1,20,0.54,False,142.0
KXNBA1HTOTAL-26FEB20INDWAS-115,11,0.0,True,0.0
KXWOMHOCKEY-26FEB18USASWE-SWE,22,0.15,False,630110.0
KXNBA1HTOTAL-26FEB22PORPHX-109,16,0.0,True,0.0
KXSCOTTISHPREMGAME-26FEB21MIRMOT-MOT,74,0.08,False,14565.0
KXALEAGUETOTAL-26FEB21MELVIC-2,44,0.01,True,20310.0
KXNBA1HTOTAL-26FEB19BOSGSW-100,11,0.01,True,5.0
KXWOMHOCKEY-26FEB17CHEITA-CHE,35,0.88,False,43833.0
KXNBA2D-26FEB19ATLPHI-ATLDDANIELS5,39,0.0,True,1596.0
KXWTACHALLENGERMATCH-26FEB17BROLAZ-LAZ,11,0.25,False,60897.0
KXNBA1HTOTAL-26FEB21ORLPHX-106,13,0.0,True,2074.0
KXPGATOP20-THGI26-JVEG,92,0.0,True,5774.0
KXALEAGUETOTAL-26FEB22CCMWES-1,23,0.01,True,1636.0
KXNBA1HTOTAL-26FEB21ORLPHX-112,14,0.0,True,6468.0
KXNBA2D-26FEB19BOSGSW-BOSPPRITCHARD11,41,0.0,True,1272.0
KXNBABLK-26FEB20LACLAL-LACBLOPEZ11-1,10,0.0,True,539.0
KXNBA2D-26FEB19HOUCHA-CHALBALL1,46,0.0,True,810.0
KXWTACHALLENGERMATCH-26FEB18TOMLIA-TOM,14,0.28,False,285752.0
KXNBAPTS-26FEB20UTAMEM-UTAABAILEY19-15,16,0.0,True,3826.0
KXBBLGAME-26FEB171400TOWALBA-ALBA,41,0.0,True,308547.0
KXNBA2D-26FEB19ATLPHI-PHIKOUBRE9,20,0.0,True,388.0
KXNBA2D-26FEB20INDWAS-INDJWALKER5,20,0.0,True,1140.0
KXNBA2D-26FEB19PHXSAS-SASSCASTLE5,45,0.0,True,534.0
KXNBA1HTOTAL-26FEB22TORMIL-108,12,0.0,True,1233.0
KXPGATOP20-THGI26-RFOX,136,0.0,True,14674.0
KXNBA3D-26FEB19HOUCHA-CHAKKNUEPPEL7,8,0.0,True,45.0
KXNBA1HTOTAL-26FEB22TORMIL-120,4,0.0,True,0.0
KXNBA1HTOTAL-26FEB20DALMIN-117,11,0.0,True,22.0
KXNBA2D-26FEB20DALMIN-MINRGOBERT27,40,0.01,True,1855.0
KXWTACHALLENGERMATCH-26FEB19KALHOS-KAL,16,0.04,True,27777.0
KXNBA3D-26FEB22CHAWAS-CHALBALL1,18,0.0,True,6218.0
KXSAUDIPLTOTAL-26FEB20ALTFAY-2,39,0.01,True,4401.0
KXNBAPTS-26FEB22BOSLAL-BOSPPRITCHARD11-25,20,0.0,True,3785.0
KXNBABLK-26FEB21HOUNYK-HOUKDURANT7-1,7,0.0,True,0.0
KXNBA1HTOTAL-26FEB19INDWAS-114,9,0.0,True,0.0
KXBBLGAME-26FEB171400TOWALBA-TOW,40,0.01,True,555934.0
KXWTACHALLENGERMATCH-26FEB20SNIKRA-KRA,13,0.08,False,38814.0
KXBBLGAME-26FEB181230WURBLB-WUR,37,0.01,True,60637.0
KXNBA3D-26FEB20LACLAL-LALLDONCIC77,21,0.01,True,8064.0
KXNBA1HTOTAL-26FEB19TORCHI-111,7,0.0,True,0.0
KXUELSPREAD-26FEB19CELVFB-VFB2,5,0.12,False,3481.0
KXNBA3D-26FEB20DENPOR-DENNJOKIC15,22,0.0,True,2897.0
KXNBA1HTOTAL-26FEB19TORCHI-105,6,0.0,True,64.0
KXNBA1HTOTAL-26FEB22CHAWAS-123,6,0.0,True,1025.0
KXDENSUPERLIGAGAME-26FEB22AGFVIB-AGF,61,0.02,True,16838.0
KXNBA1HTOTAL-26FEB19BOSGSW-115,8,0.0,True,149.0
KXNBABLK-26FEB21HOUNYK-HOUASENGUN28-1,8,0.0,True,10.0
KXNBA2D-26FEB22CLEOKC-CLEEMOBLEY4,17,0.0,True,1444.0
KXUFCFIGHT-26FEB21BRASOR-SOR,103,0.36,False,38710.0
KXNBA2D-26FEB21DETCHI-DETATHOMPSON9,26,0.0,True,739.0
KXPGATOP20-THGI26-TFIN,142,0.0,True,66545.0
KXNBA1HTOTAL-26FEB21MEMMIA-123,10,0.01,True,909.0
KXALEAGUETOTAL-26FEB21MELVIC-3,46,0.01,True,6676.0
KXNBABLK-26FEB19DETNYK-NYKOANUNOBY8-1,18,0.0,True,36.0
KXNBA1HTOTAL-26FEB20INDWAS-100,6,0.01,True,0.0
KXBBLGAME-26FEB181400HEICHE-HEI,29,0.01,True,188844.0
KXNBAPTS-26FEB19HOUCHA-HOUKDURANT7-20,44,0.0,True,4300.0
KXWOMHOCKEYTOTAL-26FEB17CHEITA-8,9,0.01,True,20.0
KXNBABLK-26FEB21HOUNYK-HOUATHOMPSON1-3,7,0.0,True,58.0
KXUELSPREAD-26FEB19CELVFB-CEL2,5,0.0,True,1211.0
KXATPSETWINNER-26FEB20TIRTAB-2-TAB,15,0.0,True,0.0
KXNBA3D-26FEB20MIAATL-MIABADEBAYO13,7,0.0,True,0.0
KXUFCFIGHT-26FEB21CORGUR-GUR,193,0.21,False,48064.0
KXNBA2D-26FEB22BOSLAL-BOSJBROWN7,25,0.0,True,8612.0
KXNBA3D-26FEB19DENLAC-DENNJOKIC15,37,0.0,True,9106.0
KXNBA2D-26FEB20DENPOR-DENJMURRAY27,21,0.0,True,574.0
KXNBA2D-26FEB19BKNCLE-BKNMPORTER17,27,0.0,True,16.0
KXNBA1HTOTAL-26FEB19ATLPHI-126,9,0.0,True,1715.0
KXNBA2D-26FEB22PORPHX-PHXJGREEN4,21,0.0,True,250.0
KXNBA1HTOTAL-26FEB19ATLPHI-132,11,0.0,True,0.0
KXNBABLK-26FEB22PORPHX-PORDCLINGAN23-2,11,0.0,True,0.0
KXNBAPTS-26FEB19ATLPHI-ATLJJOHNSON1-35,23,0.0,True,10627.0
KXNBA3D-26FEB20DALMIN-MINAEDWARDS5,14,0.0,True,1132.0
KXWTACHALLENGERMATCH-26FEB22RISAST-AST,11,0.04,True,9381.0
KXNBA1HTOTAL-26FEB21DETCHI-119,14,0.0,True,0.0
KXBBLGAME-26FEB181230OLDULM-OLD,24,0.0,True,24365.0
KXWTACHALLENGERMATCH-26FEB18MARDOD-MAR,11,0.09,False,214203.0
KXNBA2D-26FEB21ORLPHX-PHXJGREEN4,14,0.0,True,584.0
KXNBA1HTOTAL-26FEB21DETCHI-125,15,0.0,True,0.0
KXWTACHALLENGERMATCH-26FEB21KORSAL-SAL,12,0.23,False,140570.0
KXNBA1HTOTAL-26FEB21DETCHI-131,6,0.0,True,0.0
KXNBABLK-26FEB21HOUNYK-HOUATHOMPSON1-1,9,0.0,True,328.0
KXNBA2D-26FEB19DETNYK-NYKJBRUNSON11,38,0.0,True,2557.0
KXWTACHALLENGERMATCH-26FEB20CHAHIB-HIB,14,0.2,False,93719.0
KXNBA2D-26FEB22BKNATL-ATLOOKONGWU17,18,0.0,True,431.0
KXNBABLK-26FEB19DETNYK-NYKOANUNOBY8-3,16,0.0,True,302.0
KXALEAGUETOTAL-26FEB21MELVIC-1,27,0.01,True,1859.0
KXNBA2D-26FEB22ORLLAC-LACBMATHURIN9,23,0.0,True,3107.0
KXNBA1HTOTAL-26FEB21MEMMIA-135,3,0.0,True,0.0
KXNBABLK-26FEB21HOUNYK-HOUASENGUN28-3,8,0.0,True,300.0
KXNBA1HTOTAL-26FEB19BOSGSW-103,8,0.0,True,111.0
KXWTACHALLENGERMATCH-26FEB22CAKZOL-ZOL,9,0.04,True,11931.0
KXKBLGAME-26FEB180000WONANY-ANY,2,0.52,False,57337.0
KXNBA2D-26FEB19ATLPHI-ATLOOKONGWU17,20,0.0,True,115.0
KXWTACHALLENGERMATCH-26FEB18ROSBAR-ROS,15,0.01,True,128746.0
KXALEAGUETOTAL-26FEB22CCMWES-2,17,0.01,True,7975.0
KXDENSUPERLIGAGAME-26FEB22AGFVIB-VIB,53,0.0,True,5646.0
KXNBABLK-26FEB20LACLAL-LACBLOPEZ11-2,10,0.0,True,0.0
KXNBA2D-26FEB22CLEOKC-CLEJHARDEN1,20,0.01,True,2565.0
KXNBA2D-26FEB20MIAATL-MIANPOWELL24,2,0.0,True,0.0
KXSCOTTISHPREMGAME-26FEB22CELHIB-TIE,38,0.0,True,61315.0
KXNBA1HTOTAL-26FEB20DALMIN-129,5,0.0,True,375.0
KXNBA1HTOTAL-26FEB19INDWAS-102,15,0.01,True,224.0
KXNBA1HTOTAL-26FEB20UTAMEM-125,4,0.0,True,0.0
KXNBABLK-26FEB21HOUNYK-HOUKDURANT7-3,5,0.0,True,0.0
KXWTACHALLENGERMATCH-26FEB21FERLAZ-LAZ,14,0.23,False,158901.0
KXNBA1HTOTAL-26FEB20UTAMEM-119,14,0.01,True,415.0
KXWTACHALLENGERMATCH-26FEB22RISAST-RIS,10,0.04,True,32255.0
KXWTACHALLENGERMATCH-26FEB20SEBSTO-STO,15,0.61,False,190963.0
KXWOMHOCKEY-26FEB17SWELVA-SWE,42,0.85,False,124871.0
KXSCOTTISHPREMGAME-26FEB04DUNMOT-MOT,366,0.23,False,28129.0
KXWTACHALLENGERMATCH-26FEB17LEOSER-LEO,11,0.44,False,71919.0
KXUFCFIGHT-26FEB21SPIDEL-SPI,205,0.07,False,935419.0
KXNBA2D-26FEB20DENPOR-PORDAVDIJA8,22,0.01,True,2048.0
KXUFCFIGHT-26FEB21MILJUD-MIL,269,0.07,False,191041.0
KXNBA1HTOTAL-26FEB19ORLSAC-111,6,0.0,True,0.0
KXWTACHALLENGERMATCH-26FEB17SORKOS-SOR,15,0.39,False,459806.0
KXNBA1HTOTAL-26FEB19ORLSAC-105,13,0.0,True,42.0
KXNBAPTS-26FEB21HOUNYK-NYKJBRUNSON11-25,23,0.0,True,5329.0
KXNBA2D-26FEB22TORMIL-MILKPORTER7,11,0.0,True,1161.0
KXPGATOP20-THGI26-MSCH,80,0.0,True,5869.0
KXWTACHALLENGERMATCH-26FEB18GOLCRA-CRA,13,0.13,False,191994.0
KXNBA1HTOTAL-26FEB20DALMIN-114,3,0.0,True,0.0
KXNBAPTS-26FEB21ORLPHX-ORLDBANE3-20,20,0.02,True,9058.0
KXKBLGAME-26FEB190500KNIDAE-KNI,29,0.0,True,110183.0
KXNBABLK-26FEB21HOUNYK-HOUKDURANT7-2,7,0.0,True,0.0
KXNBA1HTOTAL-26FEB22CLEOKC-106,7,0.0,True,139.0
KXNBA1HTOTAL-26FEB19INDWAS-117,8,0.0,True,0.0
KXNBA2D-26FEB22CLEOKC-OKCLDORT5,11,0.0,True,15.0
KXNBA1HTOTAL-26FEB22CLEOKC-112,7,0.0,True,127.0
KXNBABLK-26FEB20LACLAL-LACBLOPEZ11-3,10,0.0,True,600.0
KXUFCFIGHT-26FEB21MILJUD-JUD,250,0.62,False,60041.0
KXNBA2D-26FEB22NYKCHI-CHIMBUZELIS14,21,0.0,True,475.0
KXNBA1HTOTAL-26FEB22CHAWAS-120,6,0.0,True,413.0
KXUELSPREAD-26FEB19CELVFB-VFB1,5,0.27,False,12142.0
KXSCOTTISHPREMGAME-26FEB21ABEDUN-ABE,49,0.0,True,20783.0
KXALEAGUETOTAL-26FEB22CCMWES-3,43,0.01,True,2847.0
KXNBA1HTOTAL-26FEB19DENLAC-119,10,0.0,True,0.0
KXNBA2D-26FEB22BOSLAL-LALDAYTON5,22,0.0,True,637.0
KXPGATOP20-THGI26-WKIM,130,0.0,True,29695.0
KXWOWHOCKEY-26FEB19CHESWE-CHE,37,0.25,False,88403.0
KXWTACHALLENGERMATCH-26FEB18BOLLEE-BOL,14,0.1,False,133429.0
KXNBA1HTOTAL-26FEB22CHAWAS-108,13,0.0,True,2699.0
KXWTACHALLENGERMATCH-26FEB17YANMLA-YAN,14,0.17,False,520592.0
KXPGATOP20-THGI26-HHAL,66,0.0,True,1802.0
KXNBA2D-26FEB20LACLAL-LALAREAVES15,21,0.0,True,18716.0
KXWTACHALLENGERMATCH-26FEB19LEEVID-LEE,11,0.0,True,124496.0
KXNBABLK-26FEB21HOUNYK-HOUASENGUN28-2,8,0.0,True,0.0
KXWTACHALLENGERMATCH-26FEB18VOLLAM-VOL,13,0.07,False,12724.0
KXNBA1HTOTAL-26FEB20MILNOP-121,11,0.0,True,0.0
KXNBA1HTOTAL-26FEB20INDWAS-103,4,0.0,True,0.0
KXNBABLK-26FEB19DETNYK-NYKOANUNOBY8-2,20,0.0,True,1.0
KXNBA1HTOTAL-26FEB21MEMMIA-120,11,0.0,True,5.0
KXWOMHOCKEYTOTAL-26FEB18SVKDEU-3,9,0.01,True,4750.0
KXPGATOP20-THGI26-NECH,91,0.0,True,6481.0
KXWTACHALLENGERMATCH-26FEB17YUAKOE-YUA,11,0.05,False,117239.0
KXNBA2D-26FEB21MEMMIA-MIAAWIGGINS22,22,0.0,True,1139.0
KXNBA2D-26FEB20DENPOR-PORDCLINGAN23,22,0.0,True,453.0
KXNBA1HTOTAL-26FEB20MILNOP-109,12,0.01,True,0.0
KXNBAPTS-26FEB22CLEOKC-CLEEMOBLEY4-15,15,0.0,True,4386.0
KXUELSPREAD-26FEB19CELVFB-CEL1,5,0.0,True,6953.0
KXNBA2D-26FEB21MEMMIA-MIAKWARE7,4,0.0,True,302.0
KXNBABLK-26FEB22PORPHX-PORDCLINGAN23-3,14,0.0,True,300.0
KXNBA2D-26FEB19HOUCHA-HOUASENGUN28,47,0.0,True,2525.0
KXWTACHALLENGERMATCH-26FEB18SEBCRO-SEB,10,0.42,False,37213.0
KXNBA2D-26FEB19DENLAC-LACBMATHURIN9,36,0.0,True,792.0
KXNBA1HTOTAL-26FEB19ATLPHI-123,13,0.0,True,1823.0
KXPGATOP20-THGI26-MKIM,86,0.0,True,1534.0
KXNBAPTS-26FEB19BOSGSW-BOSJBROWN7-30,47,0.0,True,5573.0
KXSCOTTISHPREMGAME-26FEB22LIVRFC-LIV,50,0.0,True,277402.0
KXNBA2D-26FEB19TORCHI-TORRBARRETT9,21,0.0,True,98.0
KXNBABLK-26FEB19INDWAS-WASKGEORGE18-3,8,0.0,True,0.0
KXWTACHALLENGERMATCH-26FEB18KORRAD-KOR,12,0.55,False,132600.0
KXWOMHOCKEYTOTAL-26FEB18SVKDEU-7,11,0.01,True,1487.0
KXNBABLK-26FEB19ORLSAC-ORLPBANCHERO5-3,4,0.0,True,5.0
KXPGATOP20-THGI26-BCAU,64,0.0,True,5923.0
KXALEAGUETOTAL-26FEB21MELVIC-4,44,0.01,True,4567.0
KXWTACHALLENGERMATCH-26FEB17GUOCHI-GUO,14,0.33,False,406232.0
KXWTACHALLENGERMATCH-26FEB17CHASHI-SHI,7,0.12,False,12997.0
KXPGATOP20-THGI26-MPEN,114,0.0,True,22041.0
KXNBABLK-26FEB20UTAMEM-UTALMARKKANEN23-1,11,0.0,True,0.0
KXNBA1HTOTAL-26FEB22PORPHX-127,5,0.0,True,2982.0
KXNBABLK-26FEB21PHINOP-NOPZWILLIAMSON1-3,6,0.0,True,0.0
KXNBAPTS-26FEB20MIAATL-MIABADEBAYO13-20,18,0.0,True,6037.0
KXNBA2D-26FEB21HOUNYK-NYKMROBINSON23,26,0.0,True,172.0
KXNBA2D-26FEB19HOUCHA-CHABMILLER24,20,0.0,True,259.0
KXNBA1HTOTAL-26FEB19BOSGSW-112,8,0.0,True,345.0
KXWTACHALLENGERMATCH-26FEB17BURTAN-BUR,13,0.04,True,12710.0
KXNBA2D-26FEB22BKNATL-BKNMPORTER17,20,0.0,True,806.0
KXNBA1HTOTAL-26FEB19BOSGSW-106,7,0.0,True,117.0
KXNBABLK-26FEB21HOUNYK-NYKMBRIDGES25-1,8,0.0,True,0.0
KXNBA1HTOTAL-26FEB21ORLPHX-100,9,0.0,True,20.0
KXNBA1HTOTAL-26FEB19TORCHI-102,13,0.0,True,475.0
KXWTACHALLENGERMATCH-26FEB17AVAVOL-AVA,12,0.42,False,151729.0
KXNBABLK-26FEB19DENLAC-DENNJOKIC15-1,36,0.0,True,10.0
KXBBLGAME-26FEB181400RASTBB-TBB,49,0.01,True,69947.0
KXNBAPTS-26FEB19HOUCHA-HOUASENGUN28-20,41,0.0,True,11658.0
KXNBA2D-26FEB22PHIMIN-PHITMAXEY0,21,0.0,True,188.0
KXNBABLK-26FEB22DENGSW-DENNJOKIC15-1,10,0.0,True,305.0
KXNBABLK-26FEB22BOSLAL-LALLJAMES23-2,9,0.0,True,122.0
KXNBA3D-26FEB19DETNYK-NYKJHART3,41,0.0,True,12271.0
KXWOMHOCKEYTOTAL-26FEB18FINCHE-9,8,0.01,True,2210.0
KXNBABLK-26FEB19BOSGSW-BOSNVUCEVIC4-2,6,0.0,True,0.0
KXNBAPTS-26FEB19PHXSAS-SASDHARPER2-10,21,0.0,True,4553.0
KXNBAPTS-26FEB21ORLPHX-ORLDBANE3-30,16,0.0,True,6770.0
KXNBA2D-26FEB19PHXSAS-SASVWEMBANYAMA1,42,0.01,True,456.0
KXDENSUPERLIGAGAME-26FEB23BROSON-BRO,68,0.0,True,74377.0
KXNBA2D-26FEB19ATLPHI-PHIVEDGECOMBE77,40,0.0,True,694.0
KXNBAPTS-26FEB20CLECHA-CLEJHARDEN1-20,20,0.0,True,4313.0
KXNBAPTS-26FEB21PHINOP-NOPDQUEEN22-10,13,0.0,True,7696.0
KXNBABLK-26FEB22NYKCHI-NYKJHART3-1,7,0.0,True,300.0
KXNBA1HTOTAL-26FEB19ORLSAC-129,6,0.0,True,0.0
KXDENSUPERLIGAGAME-26FEB22AGFVIB-TIE,46,0.0,True,5912.0
KXBBLGAME-26FEB191300MBCLUD-LUD,21,0.02,True,122719.0
KXNBA1HTOTAL-26FEB22TORMIL-99,3,0.0,True,369.0
KXNBA1HTOTAL-26FEB19ORLSAC-114,15,0.0,True,569.0
KXNBA1HTOTAL-26FEB22CLEOKC-103,5,0.0,True,0.0
KXNBA2D-26FEB22BOSLAL-BOSNVUCEVIC4,22,0.0,True,2576.0
KXNBABLK-26FEB19BOSGSW-BOSNVUCEVIC4-3,10,0.0,True,0.0
KXWOMHOCKEYTOTAL-26FEB18FINCHE-8,10,0.01,True,812.0
KXNBA1HTOTAL-26FEB20DALMIN-111,5,0.01,True,0.0
KXNBA2D-26FEB20MIAATL-MIAAWIGGINS22,20,0.0,True,499.0
KXNBABLK-26FEB22BOSLAL-LALLJAMES23-3,5,0.0,True,0.0
KXWTACHALLENGERMATCH-26FEB22GOLSNI-GOL,13,0.07,False,112061.0
KXPGATOP20-THGI26-NTAY,123,0.0,True,6676.0
KXNBA1HTOTAL-26FEB19TORCHI-117,6,0.0,True,0.0
KXNBA1HTOTAL-26FEB21ORLPHX-115,13,0.0,True,0.0
KXEPLBTTS-26FEB21AVLLEE,184,0.0,True,13957.0
KXNBAPTS-26FEB22NYKCHI-NYKJBRUNSON11-25,23,0.0,True,13445.0
KXNBA3D-26FEB19ATLPHI-ATLJJOHNSON1,47,0.0,True,4654.0
KXNBA3D-26FEB21HOUNYK-HOUASENGUN28,24,0.0,True,2669.0
KXNBABLK-26FEB21PHINOP-NOPZWILLIAMSON1-2,8,0.0,True,0.0
KXNBA1HTOTAL-26FEB20MILNOP-118,12,0.01,True,0.0
KXWTACHALLENGERMATCH-26FEB21CHAVID-VID,16,0.0,True,238338.0
KXNBA2D-26FEB22BKNATL-ATLNALEXANDERWALKER7,19,0.0,True,249.0
KXNBA1HTOTAL-26FEB20INDWAS-112,12,0.0,True,1894.0
KXWOMHOCKEY-26FEB17DEUFRA-FRA,34,0.0,True,23104.0
KXNBA1HTOTAL-26FEB20MILNOP-124,6,0.0,True,237.0
KXNBABLK-26FEB19ORLSAC-ORLPBANCHERO5-2,4,0.0,True,357.0
KXWOMHOCKEYTOTAL-26FEB18SVKDEU-6,13,0.01,True,2467.0
KXNBA1HTOTAL-26FEB20INDWAS-106,13,0.01,True,70.0
KXWTACHALLENGERMATCH-26FEB17MINROS-ROS,14,0.09,False,264516.0
KXWOMHOCKEY-26FEB17SWELVA-LVA,43,0.0,True,107098.0
KXNBAPTS-26FEB19ATLPHI-PHITMAXEY0-30,45,0.0,True,8350.0
KXATPSETWINNER-26FEB20BUSBER-2-BUS,9,0.0,True,22.0
KXNBABLK-26FEB19INDWAS-WASKGEORGE18-2,9,0.0,True,14.0
KXNBAPTS-26FEB22CLEOKC-CLEEMOBLEY4-10,13,0.0,True,6997.0
KXNBA2D-26FEB22NYKCHI-NYKJHART3,21,0.0,True,2184.0
KXNBA1HTOTAL-26FEB22BOSLAL-115,15,0.0,True,522.0
KXNBAPTS-26FEB19BOSGSW-BOSJBROWN7-25,45,0.0,True,8622.0
KXNBA2D-26FEB22BOSLAL-BOSPPRITCHARD11,25,0.0,True,1855.0
KXATPSETWINNER-26FEB20FRIPAU-1-FRI,13,0.0,True,1098.0
KXWTACHALLENGERMATCH-26FEB23RISIBR-IBR,13,0.04,True,24872.0
KXUELSPREAD-26FEB19PAOKRCC-PAOK2,2,0.0,True,10.0
KXWTACHALLENGERMATCH-26FEB20SNIKRA-SNI,12,0.7,False,29867.0
KXNBA1HTOTAL-26FEB21HOUNYK-108,16,0.0,True,32.0
KXNBA2D-26FEB22BOSLAL-LALLJAMES23,23,0.0,True,15678.0
KXPGATOP20-THGI26-ASCO,143,0.0,True,24428.0
KXPGATOP20-THGI26-KYU,61,0.0,True,1414.0
KXNBA1HTOTAL-26FEB19ATLPHI-120,11,0.0,True,319.0
KXWOMHOCKEY-26FEB18FINCHE-CHE,19,0.29,False,138619.0
KXWTACHALLENGERMATCH-26FEB20TOMLAM-LAM,12,0.6,False,98846.0
KXNBA1HTOTAL-26FEB20BKNOKC-121,5,0.0,True,0.0
KXNBA1HTOTAL-26FEB20BKNOKC-109,15,0.0,True,0.0
KXUFCFIGHT-26FEB21NJOMIR-MIR,191,0.17,False,254132.0
KXDENSUPERLIGAGAME-26FEB22SILFCM-SIL,54,0.0,True,5867.0
KXNBA1HTOTAL-26FEB22PORPHX-118,16,0.0,True,9.0
KXKBLGAME-26FEB180230SAKEGI-SAK,5,0.61,False,178528.0
KXWOMHOCKEYTOTAL-26FEB18SVKDEU-4,12,0.01,True,930.0
KXNBA1HTOTAL-26FEB22PORPHX-124,5,0.0,True,2686.0
KXNBABLK-26FEB20UTAMEM-UTALMARKKANEN23-2,12,0.0,True,0.0
KXWTACHALLENGERMATCH-26FEB17SEMBOL-BOL,12,0.25,False,17484.0
KXNBA3D-26FEB19DETNYK-DETCCUNNINGHAM2,39,0.0,True,8405.0
KXNBA3D-26FEB21ORLPHX-ORLPBANCHERO5,22,0.0,True,6584.0
KXNBA2D-26FEB20INDWAS-WASKGEORGE18,18,0.01,True,74.0
KXNBA2D-26FEB20CLECHA-CHABMILLER24,19,0.0,True,222.0
KXNBA2D-26FEB20CLECHA-CLEJALLEN31,20,0.01,True,3530.0
KXNBA1HTOTAL-26FEB21ORLPHX-103,7,0.0,True,1586.0
KXNBA2D-26FEB21DETCHI-DETCCUNNINGHAM2,26,0.42,False,1029.0
KXNBABLK-26FEB21HOUNYK-NYKMBRIDGES25-2,5,0.0,True,0.0
KXALEAGUETOTAL-26FEB22CCMWES-4,39,0.01,True,6928.0
KXNBABLK-26FEB19DENLAC-DENNJOKIC15-2,27,0.0,True,26.0
KXNBAPTS-26FEB19PHXSAS-PHXDBOOKER1-25,45,0.0,True,5224.0
KXNBA1HTOTAL-26FEB19DENLAC-122,8,0.0,True,0.0
KXNBA2D-26FEB21PHINOP-NOPZWILLIAMSON1,20,0.0,True,979.0
KXNBABLK-26FEB22DENGSW-DENNJOKIC15-2,10,0.0,True,457.0
KXWTACHALLENGERMATCH-26FEB18ANSHIB-ANS,11,0.05,False,49705.0
KXNBA2D-26FEB20LACLAL-LACKLEONARD2,22,0.0,True,2470.0
KXNBA2D-26FEB19PHXSAS-PHXJGREEN4,8,0.0,True,0.0
KXNBABLK-26FEB22BOSLAL-LALLJAMES23-1,9,0.0,True,516.0
KXNBAPTS-26FEB21ORLPHX-ORLPBANCHERO5-20,20,0.0,True,11945.0
KXNBABLK-26FEB19BOSGSW-BOSNVUCEVIC4-1,7,0.0,True,330.0
KXNBA2D-26FEB20DALMIN-MINJRANDLE30,44,0.0,True,949.0
KXNBA1HTOTAL-26FEB22CLEOKC-115,7,0.0,True,3363.0
KXNBA2D-26FEB21SACSAS-SACDDEROZAN10,5,0.0,True,0.0
KXWTACHALLENGERMATCH-26FEB17JORKLI-JOR,11,0.37,False,32251.0
KXNBABLK-26FEB22NYKCHI-NYKJHART3-2,3,0.0,True,0.0
KXNBABLK-26FEB22NYKCHI-NYKJHART3-3,5,0.0,True,0.0
KXNBA2D-26FEB19BKNCLE-CLEJALLEN31,20,0.0,True,514.0
KXNBA2D-26FEB22CLEOKC-CLEDMITCHELL45,20,0.03,True,1248.0
KXNBAPTS-26FEB19BKNCLE-CLEDMITCHELL45-25,47,0.0,True,6566.0
KXNBA3D-26FEB21MEMMIA-MIABADEBAYO13,6,0.0,True,0.0
KXWTACHALLENGERMATCH-26FEB22CIRZAV-CIR,15,0.0,True,114193.0
KXNBA1HTOTAL-26FEB19ORLSAC-117,8,0.0,True,334.0
KXWTACHALLENGERMATCH-26FEB17AVAVOL-VOL,11,0.26,False,158997.0
KXNBA1HTOTAL-26FEB19INDWAS-105,8,0.0,True,0.0
KXPGATOP20-THGI26-RHOE,95,0.0,True,4409.0
KXNBA1HTOTAL-26FEB22CLEOKC-100,3,0.0,True,0.0
KXNBA1HTOTAL-26FEB19INDWAS-111,8,0.0,True,0.0
KXNBA1HTOTAL-26FEB20UTAMEM-122,7,0.0,True,0.0
KXNBA3D-26FEB22DENGSW-GSWDGREEN23,5,0.0,True,0.0
KXNBAPTS-26FEB22BOSLAL-BOSPPRITCHARD11-20,22,0.0,True,5859.0
KXDENSUPERLIGAGAME-26FEB20NJAVEJ-VEJ,63,0.0,True,240136.0
KXNBA2D-26FEB22ORLLAC-ORLPBANCHERO5,21,0.0,True,8148.0
KXNBA1HTOTAL-26FEB19HOUCHA-99,13,0.0,True,0.0
KXSAUDIPLTOTAL-26FEB23FATAKHC-2,41,0.01,True,10240.0
KXNBABLK-26FEB22DENGSW-DENNJOKIC15-3,7,0.0,True,0.0
KXNBA2D-26FEB19BOSGSW-BOSJBROWN7,48,0.0,True,1825.0
KXNBABLK-26FEB19DENLAC-DENNJOKIC15-3,12,0.0,True,1.0
KXPGATOP20-THGI26-MHOM,145,0.0,True,48752.0
KXSCOTTISHPREMGAME-26FEB22CELHIB-CEL,27,0.0,True,81700.0
KXNBABLK-26FEB21HOUNYK-NYKMBRIDGES25-3,5,0.0,True,0.0
KXNBA1HTOTAL-26FEB19TORCHI-114,13,0.0,True,2616.0
KXNBA2D-26FEB21SACSAS-SASVWEMBANYAMA1,24,0.56,False,1711.0
KXLIGUE1BTTS-26FEB22RCSOL,98,0.0,True,6345.0
KXUFCFIGHT-26FEB21COREDW-EDW,186,0.03,True,221373.0
KXNBABLK-26FEB21PHINOP-NOPZWILLIAMSON1-1,9,0.0,True,20.0
KXNBA2D-26FEB22NYKCHI-CHIJGIDDEY3,22,0.0,True,3931.0
KXNBABLK-26FEB20UTAMEM-UTALMARKKANEN23-3,8,0.0,True,0.0
KXKBLGAME-26FEB170000SONDAE-DAE,35,0.02,True,330083.0
KXNBA1HTOTAL-26FEB21MEMMIA-126,11,0.0,True,0.0
KXNBABLK-26FEB19ORLSAC-ORLPBANCHERO5-1,6,0.0,True,318.0
KXWOMHOCKEYTOTAL-26FEB18SVKDEU-5,13,0.26,False,25088.0
KXNBA1HTOTAL-26FEB21MEMMIA-132,2,0.0,True,0.0
KXNBA1HTOTAL-26FEB20MILNOP-127,6,0.0,True,0.0
KXNBAPTS-26FEB22NYKCHI-NYKKTOWNS32-20,21,0.45,False,4329.0
KXNBAPTS-26FEB22ORLLAC-LACBLOPEZ11-15,18,0.0,True,8561.0
KXNBABLK-26FEB19INDWAS-WASKGEORGE18-1,7,0.0,True,0.0
KXPGATOP20-COCITPB26-ASCO,3,0.0,True,5210.0
KXNBA1HTOTAL-26FEB21DETCHI-122,15,0.0,True,82.0
KXNBA2D-26FEB21HOUNYK-NYKOANUNOBY8,19,0.0,True,2920.0
KXNBA2D-26FEB19DETNYK-NYKMBRIDGES25,11,0.0,True,3.0
KXNBA2D-26FEB19ORLSAC-ORLJSUGGS4,24,0.0,True,116.0
KXNBA2D-26FEB22NYKCHI-NYKKTOWNS32,22,0.0,True,412.0
KXNBA1HTOTAL-26FEB19ATLPHI-135,12,0.0,True,0.0
KXNBA2D-26FEB20MIAATL-MIAKWARE7,5,0.0,True,42.0
KXUELSPREAD-26FEB19PAOKRCC-PAOK1,2,0.0,True,362.0
KXSCOTTISHPREMGAME-26FEB21DUUKIL-TIE,39,0.02,True,8993.0
KXNBA2D-26FEB20DENPOR-DENNJOKIC15,22,0.0,True,467.0
KXNBA3D-26FEB22CHAWAS-CHAKKNUEPPEL7,8,0.0,True,20.0
KXNBA2D-26FEB20DENPOR-PORJHOLIDAY5,22,0.0,True,260.0
KXNBA2D-26FEB21PHINOP-PHIVEDGECOMBE77,19,0.0,True,1331.0
KXWTACHALLENGERMATCH-26FEB18SAWVID-SAW,10,0.01,True,49867.0
KXUELSPREAD-26FEB19LILCZV-CZV2,4,0.0,True,488.0
KXWOMHOCKEYTOTAL-26FEB17SWELVA-8,11,0.0,True,0.0
KXNBA1HTOTAL-26FEB19BKNCLE-113,10,0.0,True,0.0
KXNBA1HTOTAL-26FEB19BKNCLE-107,13,0.01,True,21.0
KXNBA2D-26FEB22TORMIL-TORRBARRETT9,13,0.0,True,57.0
KXNBABLK-26FEB22NYKCHI-NYKMBRIDGES25-3,7,0.0,True,0.0
KXWOMHOCKEYTOTAL-26FEB22USACAN-5,20,0.05,False,262628.0
KXNBA2D-26FEB19DENLAC-DENNJOKIC15,41,0.01,True,511.0
KXNBAPTS-26FEB20LACLAL-LACBMATHURIN9-20,9,0.0,True,5650.0
KXALEAGUETOTAL-26FEB20ADUPER-4,39,0.03,True,5369.0
KXWTACHALLENGERMATCH-26FEB23SHYZAV-SHY,13,0.34,False,89585.0
KXNBA2D-26FEB21ORLPHX-ORLJSUGGS4,20,0.01,True,440.0
KXPGATOP20-THGI26-JSPA,95,0.0,True,6855.0
KXWOMHOCKEYTOTAL-26FEB18CANCZE-5,17,0.01,True,31921.0
KXWOMHOCKEYTOTAL-26FEB20USASVK-9,18,0.01,True,5208.0
KXNBAPTS-26FEB21SACSAS-SASVWEMBANYAMA1-35,20,0.0,True,7507.0
KXNBA1HTOTAL-26FEB22DALIND-114,9,0.0,True,0.0
KXNBABLK-26FEB19BOSGSW-GSWAHORFORD20-2,10,0.0,True,310.0
KXNBABLK-26FEB22ORLLAC-LACBLOPEZ11-1,7,0.0,True,0.0
KXNBA2D-26FEB20LACLAL-LALDAYTON5,5,0.0,True,1618.0
KXBRASILEIROTOTAL-26FEB19CAPCOR-1,43,0.01,True,13804.0
KXNBA1HTOTAL-26FEB20MIAATL-126,13,0.0,True,1223.0
KXNBABLK-26FEB19BOSGSW-GSWDGREEN23-1,5,0.0,True,10.0
KXNBABLK-26FEB22ORLLAC-ORLPBANCHERO5-1,7,0.0,True,27.0
KXWTACHALLENGERMATCH-26FEB21KORSAL-KOR,13,0.42,False,122712.0
KXNBA1HTOTAL-26FEB20MIAATL-132,5,0.0,True,2.0
KXNBAPTS-26FEB22BOSLAL-LALLJAMES23-15,20,0.0,True,4678.0
KXSAUDIPLTOTAL-26FEB19AASNAJ-3,52,0.03,True,11599.0
KXDENSUPERLIGAGAME-26FEB21OBKFCC-TIE,30,0.02,True,18120.0
KXNBABLK-26FEB19BOSGSW-GSWAHORFORD20-3,9,0.0,True,0.0
KXWTACHALLENGERMATCH-26FEB23TOTSPI-TOT,14,0.21,False,16140.0
KXSCOTTISHPREMGAME-26FEB22CELHIB-HIB,66,0.02,True,65319.0
KXNBA1HTOTAL-26FEB22DALIND-129,4,0.0,True,0.0
KXWOMHOCKEYTOTAL-26FEB20USASVK-8,15,0.01,True,5137.0
KXWOMHOCKEYTOTAL-26FEB18CANCZE-4,14,0.1,False,2938.0
KXNBAPTS-26FEB21SACSAS-SASVWEMBANYAMA1-20,23,0.0,True,6170.0
KXWTACHALLENGERMATCH-26FEB18ROSBAR-BAR,14,0.8,False,73881.0
KXNBA1HTOTAL-26FEB22NYKCHI-111,6,0.0,True,991.0
KXNBA1HTOTAL-26FEB19DENLAC-98,13,0.0,True,546.0
KXUFCFIGHT-26FEB21SMIHAR-HAR,117,0.19,False,84242.0
KXWOMHOCKEYTOTAL-26FEB22USACAN-4,19,0.01,True,91412.0
KXNBABLK-26FEB22NYKCHI-NYKMBRIDGES25-2,7,0.0,True,0.0
KXNBA1HTOTAL-26FEB22PHIMIN-132,4,0.0,True,0.0
KXNBAPTS-26FEB19DETNYK-DETCCUNNINGHAM2-25,41,0.0,True,14109.0
KXNBA1HTOTAL-26FEB22ORLLAC-108,14,0.0,True,1521.0
KXNBA1HTOTAL-26FEB22PHIMIN-126,14,0.0,True,313.0
KXNBA1HTOTAL-26FEB22ORLLAC-120,6,0.0,True,0.0
KXNBA2D-26FEB21SACSAS-SACKMURRAY13,22,0.0,True,469.0
KXWTACHALLENGERMATCH-26FEB21STOGUO-STO,15,0.25,False,311504.0
KXNBABLK-26FEB21HOUNYK-NYKOANUNOBY8-1,7,0.0,True,0.0
KXEPLBTTS-26FEB22TOTARS,222,0.0,True,56174.0
KXNBA1HTOTAL-26FEB20LACLAL-103,4,0.0,True,0.0
KXNBA1HTOTAL-26FEB22BKNATL-110,3,0.0,True,0.0
KXNBA1HTOTAL-26FEB21PHINOP-128,5,0.0,True,0.0
KXNBAPTS-26FEB19ATLPHI-ATLOOKONGWU17-15,20,0.0,True,5726.0
KXNBA1HTOTAL-26FEB20DENPOR-116,8,0.0,True,2692.0
KXNBA2D-26FEB19ATLPHI-PHITMAXEY0,47,0.0,True,159.0
KXWTACHALLENGERMATCH-26FEB17LEELEA-LEA,8,0.04,True,78184.0
KXNBA1HTOTAL-26FEB19DETNYK-109,8,0.0,True,0.0
KXNBA1HTOTAL-26FEB19DETNYK-121,10,0.0,True,0.0
KXSAUDIPLTOTAL-26FEB23DAMAAS-2,53,0.01,True,14064.0
KXWOMHOCKEYTOTAL-26FEB17SWELVA-9,10,0.0,True,0.0
KXWTACHALLENGERMATCH-26FEB20LAZMAR-LAZ,12,0.7,False,27584.0
KXWTACHALLENGERMATCH-26FEB18FREDAY-DAY,13,0.24,False,265307.0
KXWOMHOCKEY-26FEB17CZEDNK-CZE,40,0.68,False,234832.0
KXALEAGUETOTAL-26FEB21SYDBRR-1,25,0.01,True,5665.0
KXWTACHALLENGERMATCH-26FEB22IBRHER-IBR,13,0.09,False,123108.0
KXPGATOP20-THGI26-SSCH,133,0.01,True,384689.0
KXNBA2D-26FEB20MIAATL-ATLNALEXANDERWALKER7,20,0.0,True,242.0
KXDENSUPERLIGAGAME-26FEB20NJAVEJ-NJA,63,0.0,True,255765.0
KXNBAPTS-26FEB20CLECHA-CLEDMITCHELL45-30,19,0.0,True,3550.0
KXNBAPTS-26FEB22BOSLAL-LALAREAVES15-20,22,0.0,True,9677.0
KXBBLGAME-26FEB181230BRBROS-BRB,39,0.01,True,353278.0
KXNBAPTS-26FEB20LACLAL-LALLDONCIC77-30,21,0.01,True,8056.0
KXALEAGUETOTAL-26FEB21SYDBRR-3,44,0.01,True,6790.0
KXWTACHALLENGERMATCH-26FEB18MARDOD-DOD,13,0.74,False,128246.0
KXWTACHALLENGERMATCH-26FEB18COSLEW-LEW,13,0.01,True,12258.0
KXBBLGAME-26FEB171230SKYBAY-SKY,33,0.01,True,303391.0
KXNBA2D-26FEB20LACLAL-LACBMATHURIN9,8,0.0,True,543.0
KXNBA2D-26FEB21PHINOP-NOPHJONES2,9,0.0,True,50.0
KXNBA2D-26FEB20BKNOKC-BKNMPORTER17,16,0.0,True,193.0
KXNBA1HTOTAL-26FEB20DENPOR-128,3,0.0,True,303.0
KXUELSPREAD-26FEB19LILCZV-CZV1,5,0.0,True,2252.0
KXWOMHOCKEY-26FEB18CANCZE-CZE,18,0.06,False,786640.0
KXPGATOP20-THGI26-CGOT,102,0.0,True,29736.0
KXNBA3D-26FEB20DENPOR-PORDAVDIJA8,22,0.0,True,9948.0
KXPGATOP20-THGI26-PCOO,138,0.01,True,39489.0
KXWTACHALLENGERMATCH-26FEB21LAMSNI-LAM,13,0.03,True,332820.0
KXNBA1HTOTAL-26FEB20LACLAL-115,5,0.0,True,1904.0
KXNBA1HTOTAL-26FEB21PHINOP-116,12,0.0,True,0.0
KXNBA1HTOTAL-26FEB19BKNCLE-110,9,0.0,True,0.0
KXWTACHALLENGERMATCH-26FEB19KALHOS-HOS,16,0.02,True,20799.0
KXNBA3D-26FEB22TORMIL-MILKPORTER7,15,0.0,True,1238.0
KXNBA2D-26FEB19PHXSAS-PHXMWILLIAMS15,21,0.0,True,286.0
KXUFCFIGHT-26FEB21COREDW-COR,178,0.03,True,162778.0
KXNBABLK-26FEB21HOUNYK-NYKOANUNOBY8-3,5,0.0,True,0.0
KXWOMHOCKEYTOTAL-26FEB17CZEDNK-8,7,0.01,True,1665.0
KXWOMHOCKEYTOTAL-26FEB18USASWE-8,12,0.0,True,4956.0
KXWOMHOCKEYTOTAL-26FEB22USACAN-6,17,0.04,True,10731.0
KXNBA1HTOTAL-26FEB20CLECHA-111,11,0.0,True,2083.0
KXNBA1HTOTAL-26FEB20CLECHA-105,10,0.0,True,99.0
KXPGATOP20-THGI26-PROD,120,0.0,True,19943.0
KXWOMHOCKEYTOTAL-26FEB18CANCZE-6,17,0.01,True,55687.0
KXNBAPTS-26FEB20LACLAL-LALLJAMES23-20,20,0.0,True,17775.0
KXNBA2D-26FEB22NYKCHI-NYKMBRIDGES25,17,0.0,True,114.0
KXNBA2D-26FEB20CLECHA-CHAKKNUEPPEL7,20,0.0,True,989.0
KXNBAPTS-26FEB21PHINOP-PHITMAXEY0-25,19,0.0,True,7147.0
KXSCOTTISHPREMGAME-26FEB22LIVRFC-TIE,29,0.02,True,109838.0
KXNBABLK-26FEB22ORLLAC-LACBLOPEZ11-2,7,0.0,True,0.0
KXNBABLK-26FEB19BOSGSW-GSWAHORFORD20-1,8,0.0,True,0.0
KXNBA1HTOTAL-26FEB22DALIND-117,11,0.0,True,212.0
KXWTACHALLENGERMATCH-26FEB19LEEVID-VID,12,0.81,False,18149.0
KXNBABLK-26FEB19BOSGSW-GSWDGREEN23-2,6,0.0,True,0.0
KXNBABLK-26FEB22ORLLAC-ORLPBANCHERO5-2,8,0.0,True,49.0
KXNBA1HTOTAL-26FEB21SACSAS-109,7,0.0,True,0.0
KXPGATOP20-THGI26-MMCN,90,0.0,True,22693.0
KXBRASILEIROTOTAL-26FEB19CAPCOR-2,48,0.01,True,17505.0
KXNBA1HTOTAL-26FEB21SACSAS-121,11,0.0,True,3784.0
KXWTACHALLENGERMATCH-26FEB17TOMJAK-TOM,12,0.83,False,11980.0
KXNBA2D-26FEB19DETNYK-NYKOANUNOBY8,24,0.0,True,1164.0
KXPGATOP20-THGI26-DMCC,109,0.0,True,6497.0
KXNBABLK-26FEB22ORLLAC-ORLPBANCHERO5-3,6,0.0,True,0.0
KXNBABLK-26FEB19BOSGSW-GSWDGREEN23-3,6,0.0,True,0.0
KXBRASILEIROTOTAL-26FEB19CAPCOR-3,26,0.01,True,4987.0
KXNBAPTS-26FEB21PHINOP-PHITMAXEY0-30,20,0.0,True,5187.0
KXNBABLK-26FEB22ORLLAC-LACBLOPEZ11-3,7,0.0,True,0.0
KXWOMHOCKEYTOTAL-26FEB18CANCZE-7,13,0.01,True,31978.0
KXSAUDIPLTOTAL-26FEB20AKHCQAD-2,27,0.01,True,5251.0
KXUFCFIGHT-26FEB21NJOMIR-NJO,191,0.27,False,263868.0
KXNBA1HTOTAL-26FEB19PHXSAS-109,6,0.0,True,0.0
KXWOMHOCKEYTOTAL-26FEB22USACAN-7,15,0.01,True,3501.0
KXNBABLK-26FEB22NYKCHI-NYKMBRIDGES25-1,9,0.0,True,300.0
KXPGATOP20-COCITPB26-PROD,1,0.0,True,0.0
KXWOMHOCKEY-26FEB17CHEITA-ITA,33,0.0,True,64888.0
KXNBABLK-26FEB21HOUNYK-NYKOANUNOBY8-2,7,0.0,True,0.0
KXNBA2D-26FEB21HOUNYK-NYKJHART3,26,0.0,True,851.0
KXWOMHOCKEYTOTAL-26FEB18USASWE-9,12,0.0,True,1888.0
KXNBA1HTOTAL-26FEB19PHXSAS-121,7,0.0,True,100.0
KXWOMHOCKEYTOTAL-26FEB17CZEDNK-9,8,0.0,True,324.0
KXNBA1HTOTAL-26FEB22ORLLAC-123,7,0.0,True,0.0
KXNBA1HTOTAL-26FEB22BKNATL-113,11,0.0,True,1783.0
KXNBA1HTOTAL-26FEB20LACLAL-100,4,0.0,True,0.0
KXNBA1HTOTAL-26FEB22BKNATL-107,3,0.01,True,0.0
KXWTACHALLENGERMATCH-26FEB17WERKRA-KRA,12,0.73,False,33616.0
KXWTACHALLENGERMATCH-26FEB17SISPON-SIS,15,0.56,False,42182.0
KXSCOTTISHPREMGAME-26FEB21DUUKIL-DUU,55,0.0,True,10882.0
KXNBA1HTOTAL-26FEB22DENGSW-112,9,0.0,True,1465.0
KXWTACHALLENGERMATCH-26FEB23RISIBR-RIS,13,0.04,True,18936.0
KXSAUDIPLTOTAL-26FEB23DAMAAS-1,22,0.01,True,9931.0
KXWTACHALLENGERMATCH-26FEB17YUAKOE-KOE,10,0.27,False,122743.0
KXNBA1HTOTAL-26FEB22DENGSW-106,9,0.0,True,12.0
KXALEAGUETOTAL-26FEB21SYDBRR-2,25,0.01,True,13976.0
KXNBA3D-26FEB22CLEOKC-CLEJHARDEN1,17,0.0,True,7674.0
KXNBAPTS-26FEB20DALMIN-MINAEDWARDS5-35,37,0.0,True,15298.0
KXNBA2D-26FEB22DALIND-INDJWALKER5,7,0.0,True,201.0
KXWOMHOCKEY-26FEB18CANCZE-CAN,18,0.28,False,1526221.0
KXBBLGAME-26FEB181400HEICHE-CHE,31,0.01,True,143126.0
KXNBA3D-26FEB22PHIMIN-MINAEDWARDS5,3,0.0,True,0.0
KXWTACHALLENGERMATCH-26FEB17SORKOS-KOS,16,0.05,False,208224.0
KXWTACHALLENGERMATCH-26FEB18GOLCRA-GOL,15,0.67,False,321642.0
KXNBABLK-26FEB19ATLPHI-ATLJJOHNSON1-2,6,0.0,True,0.0
KXNBAPTS-26FEB20LACLAL-LALLDONCIC77-35,21,0.0,True,3738.0
KXWOMHOCKEYTOTAL-26FEB20CANFIN-8,10,0.0,True,303.0
KXNBA3D-26FEB22BOSLAL-LALLDONCIC77,25,0.0,True,18376.0
KXWTACHALLENGERMATCH-26FEB17JORKLI-KLI,12,0.19,False,46260.0
KXWTACHALLENGERMATCH-26FEB17BAIPAL-PAL,13,0.3,False,49588.0
KXNBABLK-26FEB19DETNYK-NYKMBRIDGES25-3,7,0.0,True,0.0
KXNBABLK-26FEB19DENLAC-LACKLEONARD2-3,4,0.0,True,24.0
KXNBAPTS-26FEB20DALMIN-MINAEDWARDS5-25,34,0.0,True,5702.0
KXNBABLK-26FEB20MIAATL-MIABADEBAYO13-1,16,0.0,True,0.0
KXWTACHALLENGERMATCH-26FEB17CHASHI-CHA,8,0.52,False,21937.0
KXNBA1HTOTAL-26FEB21PHINOP-113,10,0.0,True,1.0
KXNBABLK-26FEB21HOUNYK-NYKKTOWNS32-2,5,0.0,True,0.0
KXNBA1HTOTAL-26FEB21PHINOP-107,6,0.01,True,0.0
KXNBABLK-26FEB20LACLAL-LACJCOLLINS20-1,11,0.0,True,9.0
KXEPLBTTS-26FEB18WOLARS,185,0.0,True,9586.0
KXWOMHOCKEYTOTAL-26FEB22USACAN-3,18,0.01,True,74849.0
KXNBABLK-26FEB21MEMMIA-MIABADEBAYO13-2,9,0.0,True,0.0
KXNBA1HTOTAL-26FEB22PHIMIN-135,6,0.0,True,0.0
KXUFCFIGHT-26FEB21REEPER-PER,220,0.45,False,700907.0
KXNBA3D-26FEB19PHXSAS-SASVWEMBANYAMA1,25,0.0,True,827.0
KXNBA2D-26FEB21MEMMIA-MIATHERRO14,15,0.0,True,742.0
KXNBABLK-26FEB19DENLAC-LACBLOPEZ11-2,14,0.0,True,0.0
KXNBABLK-26FEB22CLEOKC-CLEEMOBLEY4-1,9,0.0,True,10.0
KXWOMHOCKEYTOTAL-26FEB18CANCZE-3,9,0.01,True,890.0
KXPGATOP20-THGI26-MFIT,142,0.0,True,17323.0
KXWTACHALLENGERMATCH-26FEB17BRACRO-BRA,10,0.0,True,343178.0
KXWTACHALLENGERMATCH-26FEB23COLZOL-ZOL,12,0.49,False,52025.0
KXNBA1HTOTAL-26FEB20CLECHA-114,11,0.0,True,1394.0
KXNBA2D-26FEB19DETNYK-NYKMROBINSON23,20,0.0,True,56.0
KXNBA2D-26FEB19ATLPHI-ATLNALEXANDERWALKER7,37,0.0,True,1212.0
KXNBA2D-26FEB22CHAWAS-CHABMILLER24,20,0.0,True,663.0
KXALEAGUETOTAL-26FEB20ADUPER-2,51,0.03,True,2355.0
KXPGATOP20-THGI26-RHIS,137,0.0,True,78350.0
KXWTACHALLENGERMATCH-26FEB17YANMLA-MLA,14,0.45,False,588967.0
KXWTACHALLENGERMATCH-26FEB17BURTAN-TAN,13,0.74,False,12101.0
KXNBABLK-26FEB20CLECHA-CLEJHARDEN1-2,3,0.0,True,0.0
KXNBA1HTOTAL-26FEB21SACSAS-124,11,0.0,True,128.0
KXNBA1HTOTAL-26FEB21SACSAS-130,5,0.0,True,0.0
KXNBABLK-26FEB19HOUCHA-HOUKDURANT7-2,27,0.0,True,0.0
KXNBABLK-26FEB22NYKCHI-NYKOANUNOBY8-2,7,0.0,True,0.0
KXNBABLK-26FEB19DENLAC-LACJCOLLINS20-3,3,0.0,True,300.0
KXSAUDIPLTOTAL-26FEB19AASNAJ-4,44,0.01,True,11009.0
KXNBA1HTOTAL-26FEB21SACSAS-118,15,0.01,True,2036.0
KXNBA1HTOTAL-26FEB20MIAATL-120,12,0.0,True,470.0
KXNBA2D-26FEB20UTAMEM-UTAABAILEY19,17,0.0,True,3207.0
KXWTACHALLENGERMATCH-26FEB19HIBOSU-OSU,10,0.04,True,27526.0
KXNBA1HTOTAL-26FEB20MIAATL-135,4,0.0,True,0.0
KXNBA2D-26FEB19TORCHI-CHIMBUZELIS14,21,0.0,True,373.0
KXNBABLK-26FEB19DENLAC-LACJCOLLINS20-2,4,0.0,True,20.0
KXNBABLK-26FEB22NYKCHI-NYKOANUNOBY8-3,7,0.0,True,0.0
KXNBABLK-26FEB19HOUCHA-HOUKDURANT7-3,7,0.0,True,300.0
KXNBA2D-26FEB19PHXSAS-SASDFOX4,39,0.0,True,512.0
KXUFCFIGHT-26FEB21BRASOR-BRA,108,0.45,False,75347.0
KXNBABLK-26FEB20CLECHA-CLEJHARDEN1-3,3,0.0,True,0.0
KXNBA3D-26FEB20CLECHA-CHALBALL1,17,0.0,True,3691.0
KXNBA2D-26FEB22PHIMIN-MINJMCDANIELS3,20,0.0,True,10691.0
KXALEAGUETOTAL-26FEB20ADUPER-3,36,0.14,False,14399.0
KXNBA1HTOTAL-26FEB22NYKCHI-117,16,0.0,True,222.0
KXSCOTTISHPREMGAME-26FEB21ABEDUN-DUN,39,0.03,True,21092.0
KXNBAPTS-26FEB20LACLAL-LACJCOLLINS20-15,22,0.0,True,11887.0
KXNBA1HTOTAL-26FEB19PHXSAS-124,7,0.0,True,0.0
KXNBA1HTOTAL-26FEB19PHXSAS-130,7,0.0,True,0.0
KXNBABLK-26FEB19DENLAC-LACBLOPEZ11-3,14,0.0,True,0.0
KXNBA1HTOTAL-26FEB19PHXSAS-118,13,0.0,True,264.0
KXNBA1HTOTAL-26FEB22PHIMIN-120,12,0.0,True,670.0
KXNBABLK-26FEB19BKNCLE-CLEJHARDEN1-1,2,0.0,True,0.0
KXNBABLK-26FEB21MEMMIA-MIABADEBAYO13-3,5,0.0,True,0.0
KXWOMHOCKEYTOTAL-26FEB22USACAN-2,18,0.01,True,11936.0
KXPGATOP20-THGI26-VHOV,124,0.0,True,56805.0
KXNBA2D-26FEB21SACSAS-SASSCASTLE5,24,0.0,True,1749.0
KXNBA2D-26FEB22TORMIL-MILKKUZMA18,16,0.0,True,953.0
KXNBA1HTOTAL-26FEB19BKNCLE-128,9,0.0,True,0.0
KXNBABLK-26FEB19ATLPHI-ATLOOKONGWU17-1,9,0.0,True,0.0
KXNBA1HTOTAL-26FEB20BKNOKC-97,5,0.0,True,50.0
KXNBABLK-26FEB21HOUNYK-NYKKTOWNS32-3,5,0.0,True,0.0
KXSAUDIPLTOTAL-26FEB19AKHRIY-2,51,0.0,True,10924.0
KXNBA1HTOTAL-26FEB22BKNATL-116,12,0.0,True,1928.0
KXSCOTTISHPREMGAME-26FEB21MIRMOT-TIE,49,0.0,True,6263.0
KXWTACHALLENGERMATCH-26FEB17HEWOSU-HEW,9,0.13,False,14689.0
KXNBA1HTOTAL-26FEB22DENGSW-103,4,0.0,True,93.0
KXNBA1HTOTAL-26FEB19DETNYK-127,11,0.0,True,0.0
KXNBABLK-26FEB22DALIND-INDJWALKER5-1,3,0.0,True,0.0
KXNBA1HTOTAL-26FEB20DENPOR-104,3,0.01,True,0.0
KXNBA1HTOTAL-26FEB20DENPOR-110,3,0.0,True,111.0
KXNBABLK-26FEB19DENLAC-LACKLEONARD2-2,4,0.0,True,218.0
KXPGATOP20-THGI26-JROS,101,0.0,True,11014.0
KXNBABLK-26FEB19DETNYK-NYKMBRIDGES25-2,30,0.0,True,0.0
KXNBAPTS-26FEB20DALMIN-MINAEDWARDS5-30,37,0.0,True,11195.0
KXWTACHALLENGERMATCH-26FEB20KALGUO-KAL,14,0.4,False,185685.0
KXNBA2D-26FEB19DENLAC-LACKLEONARD2,47,0.0,True,3024.0
KXWOMHOCKEYTOTAL-26FEB20CANFIN-9,11,0.0,True,539.0
KXNBAPTS-26FEB19BKNCLE-CLEJHARDEN1-20,48,0.0,True,7834.0
KXNBA2D-26FEB22PHIMIN-PHIKOUBRE9,18,0.0,True,524.0
KXWOMHOCKEY-26FEB20CANFIN-CAN,42,0.01,True,2413300.0
KXNBABLK-26FEB19ATLPHI-ATLJJOHNSON1-3,6,0.0,True,0.0
KXNBA2D-26FEB22BKNATL-ATLCMCCOLLUM3,7,0.0,True,0.0
KXNBABLK-26FEB19ATLPHI-ATLJJOHNSON1-1,7,0.0,True,643.0
KXNBA2D-26FEB19INDWAS-WASKGEORGE18,20,0.0,True,196.0
KXNBA3D-26FEB19ORLSAC-ORLPBANCHERO5,40,0.0,True,3710.0
KXNBA2D-26FEB19DETNYK-DETCCUNNINGHAM2,37,0.01,True,1606.0
KXNBAPTS-26FEB19BOSGSW-GSWDGREEN23-15,39,0.0,True,5613.0
KXWOMHOCKEYTOTAL-26FEB17DEUFRA-9,9,0.0,True,5.0
KXNBA2D-26FEB19ORLSAC-SACKMURRAY13,18,0.0,True,246.0
KXWTACHALLENGERMATCH-26FEB17LEELEA-LEE,8,0.04,True,131826.0
KXNBABLK-26FEB22DALIND-INDJWALKER5-3,3,0.0,True,0.0
KXNBABLK-26FEB20MIAATL-MIABADEBAYO13-2,17,0.0,True,1.0
KXDENSUPERLIGAGAME-26FEB23BROSON-SON,43,0.0,True,71733.0
KXNBA2D-26FEB22DENGSW-GSWDGREEN23,16,0.02,True,4480.0
KXSCOTTISHPREMGAME-26FEB21MIRMOT-MIR,57,0.0,True,8115.0
KXNBA1HTOTAL-26FEB22DENGSW-115,8,0.0,True,105.0
KXWOMHOCKEYTOTAL-26FEB21SVKFIN-9,4,0.0,True,300.0
KXNBA1HTOTAL-26FEB19BKNCLE-116,13,0.0,True,306.0
KXPGATOP20-THGI26-SSTR,132,0.0,True,21612.0
KXPGATOP20-THGI26-TFLE,140,0.01,True,46036.0
KXNBABLK-26FEB21HOUNYK-NYKKTOWNS32-1,5,0.0,True,0.0
KXNBA1HTOTAL-26FEB21PHINOP-110,4,0.0,True,0.0
KXNBA1HTOTAL-26FEB22BKNATL-128,5,0.0,True,0.0
KXPGATOP20-THGI26-JPOS,64,0.0,True,10263.0
KXPGATOP20-THGI26-SSTE,121,0.0,True,12626.0
KXNBA1HTOTAL-26FEB21HOUNYK-99,6,0.0,True,0.0
KXNBABLK-26FEB20LACLAL-LACJCOLLINS20-2,11,0.0,True,0.0
KXNBABLK-26FEB19ATLPHI-ATLOOKONGWU17-3,5,0.0,True,0.0
KXNBABLK-26FEB19BKNCLE-CLEJHARDEN1-3,2,0.0,True,0.0
KXNBABLK-26FEB21MEMMIA-MIABADEBAYO13-1,8,0.0,True,35.0
KXNBABLK-26FEB22CLEOKC-CLEEMOBLEY4-2,15,0.0,True,41.0
KXNBAPTS-26FEB21SACSAS-SACDDEROZAN10-15,22,0.44,False,6318.0
KXNBABLK-26FEB19DENLAC-LACBLOPEZ11-1,12,0.0,True,25.0
KXNBAPTS-26FEB21SACSAS-SASVWEMBANYAMA1-30,23,0.0,True,8064.0
KXNBA1HTOTAL-26FEB22NYKCHI-129,5,0.0,True,0.0
KXALEAGUETOTAL-26FEB20ADUPER-1,47,0.03,True,1798.0
KXNBA2D-26FEB22BKNATL-ATLJJOHNSON1,19,0.21,False,264.0
KXWTACHALLENGERMATCH-26FEB22SHYGLU-SHY,14,0.64,False,27748.0
KXNBA1HTOTAL-26FEB19HOUCHA-108,11,0.0,True,252.0
KXNBA1HTOTAL-26FEB20CLECHA-117,11,0.0,True,291.0
KXNBA2D-26FEB19ATLPHI-ATLCMCCOLLUM3,15,0.0,True,0.0
KXNBA1HTOTAL-26FEB22DALIND-111,4,0.0,True,0.0
KXNBA3D-26FEB21DETCHI-DETCCUNNINGHAM2,26,0.0,True,4289.0
KXNBA2D-26FEB22BOSLAL-LALAREAVES15,24,0.0,True,7959.0
KXNBA1HTOTAL-26FEB22CLEOKC-97,6,0.01,True,0.0
KXNBA3D-26FEB22NYKCHI-CHIJGIDDEY3,20,0.0,True,12155.0
KXNBA1HTOTAL-26FEB21SACSAS-127,3,0.0,True,41.0
KXNBABLK-26FEB20CLECHA-CLEJHARDEN1-1,3,0.0,True,0.0
KXNBA1HTOTAL-26FEB20MIAATL-123,14,0.0,True,24.0
KXBRASILEIROTOTAL-26FEB19CAPCOR-4,16,0.01,True,3279.0
KXNBABLK-26FEB19HOUCHA-HOUKDURANT7-1,37,0.0,True,0.0
KXWTACHALLENGERMATCH-26FEB22IBRHER-HER,14,0.47,False,37110.0
KXNBABLK-26FEB22NYKCHI-NYKOANUNOBY8-1,10,0.0,True,0.0
KXNBABLK-26FEB19DENLAC-LACJCOLLINS20-1,4,0.0,True,92.0
KXNBA2D-26FEB22DENGSW-DENCJOHNSON23,12,0.0,True,176.0
KXATPSETWINNER-26FEB20FRIPAU-2-FRI,9,0.0,True,1769.0
KXPGATOP20-THGI26-ABHA,149,0.0,True,66168.0
KXWTACHALLENGERMATCH-26FEB20GOLQUE-GOL,14,0.56,False,72558.0
KXNBA2D-26FEB22NYKCHI-NYKJBRUNSON11,22,0.0,True,2324.0
KXWTACHALLENGERMATCH-26FEB19JOKGUO-JOK,11,0.04,True,4664.0
KXUFCFIGHT-26FEB21REEPER-REE,237,0.0,True,698989.0
KXNBA2D-26FEB19DENLAC-DENCJOHNSON23,8,0.0,True,0.0
KXNBA2D-26FEB22PHIMIN-MINJRANDLE30,21,0.0,True,6593.0
KXNBA3D-26FEB21SACSAS-SASVWEMBANYAMA1,19,0.0,True,8467.0
KXNBA1HTOTAL-26FEB22NYKCHI-114,14,0.0,True,2107.0
KXNBA1HTOTAL-26FEB20CLECHA-102,7,0.01,True,233.0
KXWTACHALLENGERMATCH-26FEB20SEBSTO-SEB,15,0.02,True,114401.0
KXNBA2D-26FEB22DENGSW-DENJMURRAY27,1,0.0,True,38.0
KXNBA2D-26FEB20MILNOP-NOPZWILLIAMSON1,42,0.0,True,692.0
KXNBAPTS-26FEB21SACSAS-SASVWEMBANYAMA1-25,21,0.0,True,32483.0
KXNBA3D-26FEB22BOSLAL-LALLJAMES23,23,0.0,True,17930.0
KXNBA2D-26FEB22PHIMIN-MINDDIVINCENZO0,17,0.0,True,69.0
KXWTACHALLENGERMATCH-26FEB23COLZOL-COL,12,0.21,False,26847.0
KXKBLGAME-26FEB170230KNITHU-KNI,35,0.02,True,160220.0
KXWTACHALLENGERMATCH-26FEB18BOLLEE-LEE,14,0.65,False,168604.0
KXNBABLK-26FEB22CLEOKC-CLEEMOBLEY4-3,8,0.0,True,0.0
KXWTACHALLENGERMATCH-26FEB17TIKLIA-TIK,13,0.0,True,30134.0
KXNBA1HTOTAL-26FEB19PHXSAS-127,7,0.0,True,0.0
KXNBAPTS-26FEB19DETNYK-DETCCUNNINGHAM2-20,42,0.0,True,6332.0
KXNBABLK-26FEB19BKNCLE-CLEJHARDEN1-2,2,0.0,True,0.0
KXNBA1HTOTAL-26FEB22PHIMIN-123,14,0.0,True,4721.0
KXNBABLK-26FEB20LACLAL-LACJCOLLINS20-3,8,0.0,True,0.0
KXNBABLK-26FEB19ATLPHI-ATLOOKONGWU17-2,8,0.0,True,0.0
KXUFCFIGHT-26FEB21STRHER-HER,268,0.62,False,878151.0
KXNBA1HTOTAL-26FEB20LACLAL-112,5,0.0,True,258.0
KXNBA1HTOTAL-26FEB20LACLAL-106,4,0.0,True,222.0
KXPGATOP20-THGI26-THOG,88,0.0,True,20298.0
KXNBA1HTOTAL-26FEB22DENGSW-100,5,0.01,True,222.0
KXWTACHALLENGERMATCH-26FEB17COLDAY-DAY,12,0.93,False,22400.0
KXNBA1HTOTAL-26FEB19DETNYK-124,10,0.0,True,0.0
KXWOMHOCKEYTOTAL-26FEB21SVKFIN-8,4,0.0,True,394.0
KXBBLGAME-26FEB181230BRBROS-ROS,57,0.0,True,382351.0
KXNBA1HTOTAL-26FEB20DENPOR-113,3,0.0,True,0.0
KXNBA1HTOTAL-26FEB19DETNYK-118,11,0.0,True,32.0
KXNBA1HTOTAL-26FEB20DENPOR-107,3,0.0,True,0.0
KXNBABLK-26FEB20MIAATL-MIABADEBAYO13-3,9,0.0,True,1.0
KXNBABLK-26FEB22DALIND-INDJWALKER5-2,3,0.0,True,0.0
KXWOMHOCKEY-26FEB21SVKFIN-FIN,23,0.02,True,328375.0
KXALEAGUETOTAL-26FEB21SYDBRR-4,22,0.01,True,7370.0
KXWOMHOCKEYTOTAL-26FEB17DEUFRA-8,10,0.0,True,0.0
KXNBABLK-26FEB19DETNYK-NYKMBRIDGES25-1,33,0.0,True,0.0
KXNBABLK-26FEB19DENLAC-LACKLEONARD2-1,4,0.0,True,89.0
KXWTACHALLENGERMATCH-26FEB19LAZLEO-LEO,14,0.04,True,97727.0
KXWTACHALLENGERMATCH-26FEB17DODKOR-DOD,15,0.3,False,98835.0
KXPGATOP20-THGI26-JKNA,140,0.0,True,53288.0
